-- MySQL dump 10.13  Distrib 8.0.32, for Win64 (x86_64)
--
-- Host: localhost    Database: privacy_learning
-- ------------------------------------------------------
-- Server version	8.0.32

/*!40101 SET @OLD_CHARACTER_SET_CLIENT=@@CHARACTER_SET_CLIENT */;
/*!40101 SET @OLD_CHARACTER_SET_RESULTS=@@CHARACTER_SET_RESULTS */;
/*!40101 SET @OLD_COLLATION_CONNECTION=@@COLLATION_CONNECTION */;
/*!50503 SET NAMES utf8 */;
/*!40103 SET @OLD_TIME_ZONE=@@TIME_ZONE */;
/*!40103 SET TIME_ZONE='+00:00' */;
/*!40014 SET @OLD_UNIQUE_CHECKS=@@UNIQUE_CHECKS, UNIQUE_CHECKS=0 */;
/*!40014 SET @OLD_FOREIGN_KEY_CHECKS=@@FOREIGN_KEY_CHECKS, FOREIGN_KEY_CHECKS=0 */;
/*!40101 SET @OLD_SQL_MODE=@@SQL_MODE, SQL_MODE='NO_AUTO_VALUE_ON_ZERO' */;
/*!40111 SET @OLD_SQL_NOTES=@@SQL_NOTES, SQL_NOTES=0 */;

--
-- Table structure for table `argomento_studio`
--

DROP TABLE IF EXISTS `argomento_studio`;
/*!40101 SET @saved_cs_client     = @@character_set_client */;
/*!50503 SET character_set_client = utf8mb4 */;
CREATE TABLE `argomento_studio` (
  `id_studio` int NOT NULL AUTO_INCREMENT,
  `titolo` varchar(60) CHARACTER SET utf8mb4 COLLATE utf8mb4_general_ci NOT NULL,
  `descrizione` varchar(5000) CHARACTER SET utf8mb4 COLLATE utf8mb4_general_ci NOT NULL,
  `link_video` varchar(100) CHARACTER SET utf8mb4 COLLATE utf8mb4_general_ci DEFAULT NULL,
  `meta_info` varchar(100) CHARACTER SET utf8mb4 COLLATE utf8mb4_general_ci NOT NULL,
  PRIMARY KEY (`id_studio`) USING BTREE,
  KEY `FK_argomento_studio_meta_info` (`meta_info`),
  CONSTRAINT `FK_argomento_studio_meta_info` FOREIGN KEY (`meta_info`) REFERENCES `meta_info` (`keyword`)
) ENGINE=InnoDB AUTO_INCREMENT=8 DEFAULT CHARSET=utf8mb4 COLLATE=utf8mb4_general_ci;
/*!40101 SET character_set_client = @saved_cs_client */;

--
-- Dumping data for table `argomento_studio`
--

LOCK TABLES `argomento_studio` WRITE;
/*!40000 ALTER TABLE `argomento_studio` DISABLE KEYS */;
INSERT INTO `argomento_studio` VALUES (1,'Cos\'è una password e perché è importante proteggerla\r\n','Una password è una combinazione di caratteri che viene utilizzata per autenticare un utente su un sistema o un\'applicazione online. È importante proteggere le password perché contengono informazioni sensibili e private, come dati finanziari, informazioni personali e altro ancora. Se qualcuno riuscisse ad accedere ai tuoi account online, potrebbe avere accesso a queste informazioni e utilizzarle per scopi illegali.\r\nCome creare password sicure\r\nCreare password sicure è un passo importante per proteggere i tuoi account online. Ecco alcuni consigli per creare password sicure:\r\nUtilizza una combinazione di caratteri: utilizza una combinazione di lettere maiuscole e minuscole, numeri e simboli per rendere la password più complessa.\r\nNon utilizzare parole comuni: evita di utilizzare parole comuni o facilmente riconoscibili come password. Queste password sono più facili da indovinare e rappresentano un rischio per la sicurezza.\r\nUtilizza una frase come password: invece di utilizzare una parola semplice, prova ad utilizzare una frase composta da diverse parole separate da spazi. Questo rende la password più difficile da indovinare ma più facile da ricordare per te.\r\nCambia spesso la password: cambia la password regolarmente per evitare che qualcuno possa indovinarla o scoprirne la combinazione.\r\nCome gestire le password\r\nUna volta create le password, è importante gestirle in modo corretto per garantire la massima sicurezza. Ecco alcuni consigli per gestire le password:\r\nNon utilizzare la stessa password per più account: utilizzare la stessa password per più account è pericoloso, perché se un account venisse violato, tutte le tue altre password potrebbero essere compromesse.\r\nUtilizza un gestore di password (PM): un PM è un\'applicazione che ti aiuta a creare, gestire e memorizzare le tue password in modo sicuro. Questi strumenti sono molto utili per gestire le password di numerosi account in modo sicuro e semplice.\r\nNon condividere le password: non condividere mai le password con altre persone. Anche se si tratta di amici o familiari, potrebbero accidentalmente o intenzionalmente compromettere la tua sicurezza online.\r\nUtilizza l\'autenticazione a due fattori (2FA): il 2FA è un ulteriore livello di sicurezza che richiede due forme di autenticazione (ad esempio, una password e un codice inviato via SMS) per accedere a un account. Questo sistema rende molto più difficile per i criminali informatici accedere ai tuoi account.\r\nCome proteggere i propri account online\r\nOltre a gestire le tue password in modo sicuro, ci sono altri modi per proteggere i tuoi account online. Ecco alcuni consigli per proteggere i tuoi account:\r\nUtilizza il software antivirus: utilizza un buon software antivirus per proteggere il tuo computer e i tuoi dispositivi mobili da virus e malware.\r\nSii attento alle e-mail di phishing: le e-mail di phishing sono messaggi fraudolenti che cercano di ingannarvi per ottenere informazioni sensibili come le tue password. Non rispondere a queste e-mail e non cliccare su eventuali link sospetti.\r\nUtilizza una connessione internet sicura: evita di accedere ai tuoi account online utilizzando una connessione Wi-Fi pubblica o non protetta. Utilizza invece una connessione sicura, come quella offerta dal tuo operatore telefonico o utilizza una rete privata virtuale (VPN).\r\nNon utilizzare informazioni personali come domande di sicurezza: molte applicazioni e servizi online ti chiedono di fornire una domanda di sicurezza in caso di smarrimento della password. Evita di utilizzare informazioni personali come la data di nascita o il nome del tuo animale domestico, perché queste informazioni possono essere facilmente scoperte da terzi.\r\nStai attento alle applicazioni non ufficiali: quando scarichi applicazioni o programmi sul tuo dispositivo, assicurati che siano da fonti affidabili. Le applicazioni non ufficiali potrebbero contenere virus o malware.\r\nIn conclusione, la gestione delle password è un aspetto fondamentale della sicurezza online. Creare password sicure, gestirle correttamente e proteggere i propri account online sono tutti passi importanti per proteggere le proprie informazioni sensibili. Utilizzando i consigli sopra descritti, puoi aumentare la sicurezza dei tuoi account e proteggere te stesso dai criminali informatici.\r\n',NULL,'Password'),(2,'Guida alla comprensione dei diversi tipi di dati','I dati sono diventati una parte importante delle nostre vite digitali, ma spesso non siamo consapevoli dei diversi tipi di dati che vengono raccolti e utilizzati. In questa guida, esploreremo i diversi tipi di dati e come vengono utilizzati dalle aziende e dalle organizzazioni.\r\nDati personali: questo tipo di dati identifica una persona specifica e include informazioni come nome, indirizzo, numero di telefono e indirizzo email. Questi dati sono spesso raccolti dalle aziende per offrire prodotti e servizi personalizzati e migliorare l\'esperienza dell\'utente.\r\nDati generici: questi dati non identificano una persona in modo specifico, ma forniscono informazioni sul comportamento online degli utenti, come l\'indirizzo IP, il tipo di dispositivo e il browser utilizzato. Questi dati vengono spesso utilizzati dalle aziende per pubblicità mirata e per analizzare il comportamento degli utenti.\r\nDati biometrici: questi dati riguardano le caratteristiche fisiche di una persona, come le impronte digitali, la scansione dell\'iride o il riconoscimento facciale. Questi dati vengono utilizzati per scopi di sicurezza, come l\'accesso a dispositivi e aree protette.\r\nDati sensibili: questi dati riguardano informazioni personali particolarmente sensibili, come la salute, la religione, la razza, l\'orientamento sessuale e altre informazioni che possono essere utilizzate per discriminare le persone o violare i loro diritti fondamentali. Questi dati sono protetti da leggi sulla privacy.\r\nDati non sensibili: questi dati riguardano tutte le altre informazioni, come le informazioni di contatto o le preferenze di acquisto. Questi dati possono essere utilizzati per offrire pubblicità mirata, ma di solito non presentano rischi per la privacy degli utenti.\r\nAltri dati online: questi dati riguardano le informazioni raccolte attraverso la navigazione su internet, l\'utilizzo di applicazioni o l\'acquisto di prodotti online. Questi dati possono includere informazioni personali, generiche o biometriche e possono essere utilizzati per migliorare i prodotti e i servizi offerti dalle aziende.\r\nDati open data: questi dati sono disponibili pubblicamente e possono essere utilizzati da chiunque. Questi dati includono informazioni governative, come statistiche e informazioni sulle politiche pubbliche, nonché informazioni di ricerca e di business.\r\nDati derivati: questi dati sono generati da analisi e processi di elaborazione sui dati esistenti. Ad esempio, i dati possono essere utilizzati per creare modelli di previsione del comportamento dell\'utente o per identificare tendenze e pattern.\r\nÈ importante comprendere come i dati vengono raccolti e utilizzati per proteggere la propria privacy e per evitare che le informazioni personali sensibili vengano utilizzate in modo improprio. Leggere le politiche sulla privacy delle applicazioni e dei siti web è un buon inizio, così come l\'utilizzo di strumenti che proteggono la privacy, come gli ad blocker e le VPN. Inoltre, le leggi sulla privacy sono state introdotte in molti paesi per proteggere i dati personali degli utenti; quindi, è importante essere a conoscenza dei propri diritti e delle leggi che regolamentano la raccolta e l\'utilizzo dei dati.\r\nIn conclusione, i dati sono una parte importante della nostra vita digitale e sono utilizzati dalle aziende e dalle organizzazioni per migliorare i prodotti e i servizi offerti agli utenti. Tuttavia, è importante comprendere i diversi tipi di dati e come vengono utilizzati per proteggere la propria privacy e i propri diritti.\r\n',NULL,'Dati sensibili'),(3,'Privacy: tutto ciò che necessita sapere','La privacy è un diritto fondamentale per ogni individuo, ma spesso viene compromessa dalle pratiche di raccolta e gestione dei dati personali. In questo articolo, esploreremo gli aspetti chiave della privacy, per aiutare a proteggere i propri dati personali e a comprendere come vengono utilizzati.\r\nI dati personali sono informazioni che identificano una persona, come il nome, l\'indirizzo e-mail, il numero di telefono e l\'indirizzo di casa. Tuttavia, ci sono anche i dati sensibili, come quelli relativi alla salute, all\'orientamento sessuale, alle opinioni politiche e alle credenze religiose. I dati biometrici, come le impronte digitali e la scansione del viso, sono un altro tipo di dati che possono essere utilizzati per identificare una persona.\r\nI dati personali possono essere raccolti in diversi modi, come attraverso i social media, i siti web, le app mobili e i programmi di fidelizzazione dei clienti. Le aziende utilizzano questi dati per creare profili degli utenti e offrire loro pubblicità mirata. In alcuni casi, i dati possono essere venduti a terze parti o utilizzati per scopi non etici.\r\nCi sono diverse azioni che gli adulti possono intraprendere per proteggere la propria privacy online e offline. In primo luogo, è importante leggere con attenzione le politiche sulla privacy delle aziende e le autorizzazioni richieste dalle app mobili. In secondo luogo, si consiglia di utilizzare password forti e di cambiare regolarmente quelle esistenti. In terzo luogo, è importante evitare di condividere informazioni personali sensibili sui social media e di limitare la quantità di informazioni fornite.\r\nLa legge sulla privacy protegge i diritti degli individui in relazione alla raccolta, all\'utilizzo e alla conservazione dei loro dati personali. In Europa, il Regolamento generale sulla protezione dei dati (GDPR) stabilisce norme rigorose per la protezione dei dati personali. Negli Stati Uniti, la legge sulla privacy varia da stato a stato e non esiste ancora una legge federale sulla privacy.\r\nLa privacy è un diritto fondamentale che deve essere protetto e rispettato. Gli utenti possono proteggere la propria privacy attraverso la comprensione dei propri diritti, della tipologia dei dati personali e delle norme sulla privacy, e adottando pratiche sicure per proteggere i propri dati personali online e offline.','https://www.youtube.com/watch?v=jDLkHurCpKQ&list=PLCth9vrvi03k3oDJFZO_ermuL3zE-FTD9','Privacy'),(4,'Guida completa sull\'autenticazione','L\'autenticazione è un processo fondamentale per proteggere i propri account online e impedire l\'accesso non autorizzato ai propri dati. Esistono diversi tipi di autenticazione che consentono di verificare l\'identità dell\'utente.\r\nPassword (PWD): La password è uno dei metodi di autenticazione più comuni. È una serie di caratteri scelti dall\'utente e utilizzati per accedere al proprio account. È importante scegliere una password sicura, complessa e diversa per ogni account. Evitate di utilizzare password facili da indovinare come la vostra data di nascita o il nome del vostro animale domestico.\r\nToken: Il token è un dispositivo fisico o virtuale che genera un codice univoco utilizzato per accedere all\'account. È importante tenere il token al sicuro e non condividerlo con nessuno.\r\nBiometria: La biometria è un metodo di autenticazione basato sulle caratteristiche fisiche dell\'utente, come l\'impronta digitale o la scansione del volto. Questo metodo è molto sicuro ma può essere costoso.\r\nSicurezza Online: La sicurezza online è importante per proteggere le proprie informazioni personali e i propri dati online. Esistono diverse minacce online come virus, malware, phishing e attacchi DDoS.\r\nAttacchi DDoS: Gli attacchi DDoS sono attacchi informatici coordinati per interrompere o compromettere i servizi online. Per proteggere i propri dati, è importante utilizzare servizi online affidabili e mantenere sempre il proprio software di sicurezza aggiornato.\r\nLa sicurezza online e l\'autenticazione sono fondamentali per proteggere i propri dati personali e i propri account online. Utilizzate password sicure, mantenete il software sempre aggiornato e non condividete mai le informazioni personali con nessuno',NULL,'Autenticazione'),(5,'Come renderti sicuro online','La sicurezza online è diventata sempre più importante, poiché sempre più informazioni sono conservate online.\r\nSicurezza online\r\nMinacce online\r\nInternet è pieno di minacce, tra cui virus, malware, phishing e attacchi DDoS. I virus sono programmi dannosi che si diffondono da un computer all\'altro e possono causare danni significativi ai dati personali e al computer. Il malware è un software dannoso progettato per danneggiare, interrompere o assumere il controllo di un sistema informatico. Il phishing è una truffa online che mira a rubare informazioni personali, come nome utente, password e informazioni finanziarie. Gli attacchi DDoS sono attacchi informatici coordinati per interrompere o compromettere i servizi online.\r\n Come proteggersi\r\nPer proteggersi da queste minacce, è importante utilizzare software antivirus e anti-malware, mantenere il sistema operativo e gli altri software sempre aggiornati, utilizzare password sicure e mai condividerle con nessuno, essere cauti con i link e gli allegati nelle e-mail e non inserire mai informazioni personali su siti non sicuri.\r\n',NULL,'Sicurezza dei siti'),(6,'Spamming: definizione, tecniche, conseguenze e difesa','Lo spamming è una pratica illegale e dannosa che coinvolge l\'invio di messaggi non richiesti e indesiderati a un grande numero di persone, con l\'intento di promuovere prodotti, servizi o siti web. Bisogna conoscere gli aspetti tecnici e giuridici dello spamming, nonché le conseguenze negative che può avere sulle aziende e sugli utenti.\r\nLo spamming è una pratica di marketing aggressiva che coinvolge l\'invio di messaggi non richiesti e indesiderati. Gli spammer utilizzano spesso tecniche di inganno, come false promesse, truffe e frodi per convincere le persone a fornire informazioni personali o ad acquistare prodotti o servizi.\r\nSono presenti molte tecniche di spamming, alcune delle quali sono:\r\nE-mail spamming: l\'invio di grandi quantità di email non richieste contenenti offerte commerciali o pubblicità.\r\nSMS spamming: l\'invio di messaggi di testo non richiesti contenenti offerte commerciali o pubblicità.\r\nSpamming sui social media: l\'invio di messaggi non richiesti su piattaforme social come Facebook o Twitter, utilizzando account falsi o robot.\r\nSpamming sui forum: la pubblicazione di messaggi non richiesti su forum online, utilizzando account falsi o robot.\r\nSpamming sui motori di ricerca: l\'utilizzo di tecniche di SEO aggressive per posizionare in modo fraudolento siti web commerciali ai primi posti dei risultati di ricerca.\r\nLe conseguenze dello spamming possono essere gravi per le aziende e gli utenti. Le aziende che utilizzano tecniche di spamming possono subire danni alla reputazione, perdere clienti e subire sanzioni legali. Inoltre, gli utenti che ricevono messaggi di spam possono essere esposti a rischi per la sicurezza, come il phishing, lo spyware e il malware.\r\nEsistono delle leggi sullo spamming che variano da paese a paese. Negli Stati Uniti, ad esempio, il CAN-SPAM Act regolamenta l\'invio di email commerciali, richiedendo agli spammer di includere un opt-out e di fornire informazioni di contatto valide. In Europa, l\'Unione Europea ha adottato la direttiva sulla privacy e le comunicazioni elettroniche, che richiede il consenso esplicito degli utenti per l\'invio di messaggi di marketing.\r\nPer diventare esperti in materia è necessario conoscere anche le tecniche di difesa contro lo spamming, in modo da proteggere le aziende e gli utenti da questa pratica illegale. Ecco alcune tecniche di difesa comuni:\r\nUtilizzo di filtri antispam: i filtri anti-spam possono essere utilizzati per bloccare automaticamente i messaggi di spam in arrivo, riducendo la quantità di email indesiderate che raggiungono la casella di posta in arrivo.\r\nSensibilizzazione degli utenti: gli utenti devono essere sensibilizzati sui rischi dello spamming e su come riconoscere i messaggi di spam. In questo modo, possono evitare di fornire informazioni personali o di cliccare su link sospetti.\r\nUtilizzo di soluzioni di sicurezza: le soluzioni di sicurezza, come gli antivirus e i firewall, possono proteggere gli utenti da attacchi informatici come il phishing, lo spyware e il malware.\r\nImplementazione di politiche di sicurezza: le aziende devono implementare politiche di sicurezza rigide per prevenire lo spamming, ad esempio limitando l\'accesso alla rete a determinati utenti e utilizzando strumenti di monitoraggio dell\'attività online.\r\nMonitoraggio dell\'attività di rete: il monitoraggio dell\'attività di rete può aiutare a identificare e bloccare gli attacchi di spamming in tempo reale.\r\nIn conclusione, è importante che tutti siano consapevoli dei rischi e delle conseguenze dello spamming, nonché delle leggi che regolamentano questa pratica illegale.','https://youtu.be/xjnTmpVveeE','Spam');
/*!40000 ALTER TABLE `argomento_studio` ENABLE KEYS */;
UNLOCK TABLES;

--
-- Table structure for table `articolo`
--

DROP TABLE IF EXISTS `articolo`;
/*!40101 SET @saved_cs_client     = @@character_set_client */;
/*!50503 SET character_set_client = utf8mb4 */;
CREATE TABLE `articolo` (
  `id_articolo` int NOT NULL AUTO_INCREMENT,
  `link` varchar(200) CHARACTER SET utf8mb4 COLLATE utf8mb4_general_ci NOT NULL,
  `titolo_articolo` varchar(60) CHARACTER SET utf8mb4 COLLATE utf8mb4_general_ci NOT NULL,
  `meta_info` varchar(100) CHARACTER SET utf8mb4 COLLATE utf8mb4_general_ci NOT NULL,
  PRIMARY KEY (`id_articolo`) USING BTREE,
  KEY `FK_articolo_meta_info` (`meta_info`),
  CONSTRAINT `FK_articolo_meta_info` FOREIGN KEY (`meta_info`) REFERENCES `meta_info` (`keyword`)
) ENGINE=InnoDB AUTO_INCREMENT=13 DEFAULT CHARSET=utf8mb4 COLLATE=utf8mb4_general_ci;
/*!40101 SET character_set_client = @saved_cs_client */;

--
-- Dumping data for table `articolo`
--

LOCK TABLES `articolo` WRITE;
/*!40000 ALTER TABLE `articolo` DISABLE KEYS */;
INSERT INTO `articolo` VALUES (1,'https://policies.google.com/privacy','Politica di privacy Google','Privacy'),(2,'https://cloud.google.com/terms/eu-model-contract-clause','Clausole di raccolta dati di Google','Google'),(3,'https://www.google.com/about/datacenters/locations/ ','Locations dei data center di Google','Google'),(4,'https://www.agendadigitale.eu/sicurezza/furto-didentita-digitale-cose-come-avviene-e-come-tutelarsi/','Furto dei dati','Furto dei dati'),(5,'https://focus.namirial.it/furto-identita-digitale/','Furto identità digitale','Furto dei dati'),(6,'https://www.fanpage.it/innovazione/tecnologia/attacco-hacker-a-ferrari-rubati-i-dati-dei-clienti-hanno-chiesto-un-riscatto-ma-non-lo-pagheremo/ ','Attacco a Ferrari','Furto dei dati'),(7,'https://www.dday.it/redazione/45342/ferrari-attaccata-da-un-ransomware-esposti-i-dati-di-contatto-dei-clienti','Ferrari attaccata da un Ransomware','Ransomware'),(8,'https://www.igizmo.it/acer-conferma-il-furto-di-oltre-160-gb-di-dati-dai-propri-server/ ','Furto dei dati all\'azienda Acer','Furto dei dati'),(9,'https://www.commissariatodips.it/index.htm','Sito commissariato polizia di stato','Polizia di Stato'),(10,'https://www.punto-informatico.it/massimizzare-la-privacy-su-internet-e-possibile-ecco-la-vpn-da-usare-oggi/','Massimizzare la privacy con VPN','VPN'),(11,'https://www.assodpo.it/chi-e-il-dpo/','Chi è il DPO e perchè è importante averne uno ','DPO Sicurezza Aziendale');
/*!40000 ALTER TABLE `articolo` ENABLE KEYS */;
UNLOCK TABLES;

--
-- Table structure for table `domanda`
--

DROP TABLE IF EXISTS `domanda`;
/*!40101 SET @saved_cs_client     = @@character_set_client */;
/*!50503 SET character_set_client = utf8mb4 */;
CREATE TABLE `domanda` (
  `id_domanda` int NOT NULL AUTO_INCREMENT,
  `testo` varchar(250) CHARACTER SET utf8mb4 COLLATE utf8mb4_general_ci NOT NULL,
  `meta_info` varchar(100) CHARACTER SET utf8mb4 COLLATE utf8mb4_general_ci NOT NULL,
  `risposta1` varchar(250) CHARACTER SET utf8mb4 COLLATE utf8mb4_general_ci NOT NULL DEFAULT '',
  `risposta2` varchar(250) CHARACTER SET utf8mb4 COLLATE utf8mb4_general_ci NOT NULL DEFAULT '',
  `risposta3` varchar(250) CHARACTER SET utf8mb4 COLLATE utf8mb4_general_ci NOT NULL DEFAULT '',
  `risposta4` varchar(250) CHARACTER SET utf8mb4 COLLATE utf8mb4_general_ci NOT NULL DEFAULT '',
  `risposta_corretta` int DEFAULT '0',
  `id_test` int NOT NULL COMMENT 'id test in cui compare la domanda',
  PRIMARY KEY (`id_domanda`) USING BTREE,
  KEY `FK_domanda_test` (`id_test`) USING BTREE,
  KEY `FK_domanda_meta_info` (`meta_info`),
  CONSTRAINT `FK_domanda_meta_info` FOREIGN KEY (`meta_info`) REFERENCES `meta_info` (`keyword`),
  CONSTRAINT `FK_domanda_test` FOREIGN KEY (`id_test`) REFERENCES `test` (`id_test`) ON DELETE CASCADE ON UPDATE CASCADE
) ENGINE=InnoDB AUTO_INCREMENT=56 DEFAULT CHARSET=utf8mb4 COLLATE=utf8mb4_general_ci;
/*!40101 SET character_set_client = @saved_cs_client */;

--
-- Dumping data for table `domanda`
--

LOCK TABLES `domanda` WRITE;
/*!40000 ALTER TABLE `domanda` DISABLE KEYS */;
INSERT INTO `domanda` VALUES (1,'Quanto usi il computer? ','Questionario','Mai','Raramente','Spesso','Sempre',0,0),(2,'Quanto usi i social?','Questionario','Mai','Raramente','Spesso','Sempre',0,0),(3,'Quanto ne sai di privacy?','Questionario','Mai','Raramente','Spesso','Sempre',0,0),(4,'Quanto sei preoccupato della tua privacy nella tua quotidianità?','Questionario','Mai','Raramente','Spesso','Sempre',0,0),(5,'Quanto sei preoccupato della tua privacy nell’utilizzo della tecnologia?','Questionario','Mai','Raramente','Spesso','Sempre',0,0),(6,'Quanto ne sai dei possibili attacchi?','Questionario','Mai','Raramente','Spesso','Sempre',0,0),(7,'In caso di furto sapresti risolvere il problema?','Questionario','Mai','Raramente','Spesso','Sempre',0,0),(8,'Quanto utilizzi strumenti di protezione quanto navighi su internet? (autenticazione a due fattori, pec, spid, ecc..)','Questionario','Mai','Raramente','Spesso','Sempre',0,0),(9,'Quanto ti senti esperto in relazione alla problematica della tua privacy?','Questionario','Mai','Raramente','Spesso','Sempre',0,0),(10,'Sei mai stato vittima di un attacco ai dati sensibili? ','Questionario','si','no','','',0,0),(11,'Qualsiasi informazione riguardante una persona fisica corrisponde al:','Dati sensibili','Dato biometrico','Dato genetico','Dato personale','Dato non sensibile',3,1),(12,'Che cos\'è lo spam?','Spam','Un tipo di test condotto sulle reti informatiche per verificarne la sicurezzaUn tipo di test condotto sulle reti informatiche per verificarne la sicurezza','È la procedura di pulizia e riordini dei dati di un database','È l’invio di link via mail, generalmente inerenti alla sicurezza online','È l’invio di grandi quantità di messaggi indesiderati, generalmente di tipo commerciale',4,1),(13,'Che cosa si intende per protezione dei dati: ','Protezione dei Dati','Operazioni di modifica dei dati','Operazione qualsiasi effettuata sui dati, purché con l’ausilio di strumenti elettronici','Operazioni di diffusione e comunicazione di dati','Qualunque operazione effettuata su dati, anche senza l’ausilio di strumenti elettronici',4,1),(14,' Sono considerati dati biometrici di una persona fisica:','Dati Biometrici','Il nome utente e la password associati allo SPID','Esclusivamente i dati dattiloscopici','L’immagine facciale o i dati dattiloscopici','Esclusivamente i dati presenti in rete',3,1),(15,'Cosa potrebbe danneggiare il tuo computer? ','Virus','Virus','Cookie','Browser','Firewall',1,1),(16,'Quale tra queste è una credenziale di autenticazione di un sito: ','Autenticazione','Email e password','La patente di guida','La carta d’identità ','Un\'autorizzazione scritta del titolare del trattamento',1,1),(17,'Una password è: ','Password','Una sequenza numerica utilizzata in combinazione con userid, per accedere ad un’area protetta','Una sequenza alfanumerica utilizzata in combinazione con userid, per accedere ad un’area protetta','Una sequenza alfanumerica utilizzata da sola per accedere ad un\'area protetta','Una sequenza numerica utilizzata, una volta memorizzata nel computer per accedere ad un’area protetta',2,1),(18,'Nello scegliere una password che garantisca una buona sicurezza è buona norma: ','Password','Utilizzare la propria data di nascita, nome o cognome','Utilizzare una combinazione di lettere, numeri e simboli','Utilizzare una combinazione di 6 caratteri','Utilizzare una combinazione di lettere di 12 caratteri',2,1),(19,'Quale è il modo migliore per salvare le proprie password? ','Password','Utilizzare il servizio di Google Password Manager senza avere l’autenticazione a due fattori per il proprio account','Scriverle in un falso contatto della rubrica telefonica','Utilizzare il servizio di Google Password Manager con l’autenticazione a due fattori per il proprio account','Utilizzare un’ app gratuita che offre la funzione di crittografia',3,1),(20,' Ogni quanto tempo deve essere modificata la password utilizzata per l’accesso ai dati sensibili?','Password','Almeno ogni 45 giorni','Almeno ogni 3 mesi','Almeno ogni 6 mesi','Almeno ogni anno',2,1),(21,'Cosa significa \"privacy\"? ','Privacy','Protezione delle informazioni personali','Protezione dai virus sui computer','Garanzia limitata di un dispositivo','Archivio delle informazioni personali',1,1),(22,'Quali informazioni personali non dovresti mai condividere online? ','Dati sensibili','Informazioni come il nome dei tuoi genitori, il tuo colore preferito ed il genere di musica che ascolti','Informazioni come il tuo nome completo, l\'indirizzo di casa, il numero di telefono o le password online','Informazioni come il cognome, indirizzo di casa, il numero di telefono e le password online','Informazioni come il nome del tuo animale domestico, i dati bancari e le password online',2,1),(23,'Come puoi proteggere la tua privacy sui social media?','Privacy','Impostando una password per l’accesso al social media e condividendolo solo con il tuo partner','Impostando la privacy delle tue informazioni senza bisogni di limitare la condivisione delle informazioni personali','Impostando la privacy delle tue informazioni e  limitando la condivisione di informazioni personali','Impostando una password per l’accesso al social media e condividendo le informazioni personali',3,1),(24,'Cosa dovresti fare se qualcuno ti chiede informazioni personali online? ','Dati sensibili','Verificare l’identità dell’interlocutore in cambio di informazioni personali se mostra fiducia','Bloccare l’interlocutore solo dopo aver comunicato con lui','Segnalando, se sospetto, l’interlocutore senza fornire informazioni personali','Fornire informazioni personali e solo dopo aver segnalato l’interlocutore',3,1),(25,'Come puoi proteggere la tua privacy online? ','Privacy','Accedendo a siti http ed utilizzando password semplici da ricordare','Utilizzando Google Chrome e creando password complesse','Accedendo soltanto a link che finiscono con .it','Utilizzare password forti e uniche per ogni account online e cambiarle regolarmente',4,1),(26,'Cosa si intende con il termine Cyber-Security? ','CyberSecurity','L’insieme di attività volte a prevenire, rilevare, limitare e contrastare gli effetti degli attacchi condotti nel e tramite il cyber-space ovvero il danno di uno o più dei suoi elementi costitutivi','Qualsiasi reato o comportamento delittuoso svolto nell’ambito delle procedure informatiche','Si riferisce alla protezione dei sistemi informatici  e delle reti dai rischi e dalle minacce online','Si riferisce alla protezione dei sistemi informatici e dal deep web e delle reti militari ',3,2),(27,'Che cosa è un virus tipo “trojan horse”? ','Trojan Horse','Un virus che simula l’aspetto ed il comportamento di programmi ritenuti innocui','Un virus che si annida nei primi settori dei dischi','Un qualsiasi virus non crittografato, facilmente individuabile da tutti gli antivirus','Un virus trasmesso solo attraverso gli allegati di posta elettronica',1,2),(28,'In un messaggio di posta elettronica, quale tra i seguenti tipi di allegato potrebbe veicolare un virus?','Phishing','Un file eseguibile','Un file di testo in formato txt','Un file di testo delimitato','Un’immagine bitmap',1,2),(29,'In ambito informatico quale è l’obiettivo della tecnica di “phishing”? ','Phishing','Crittografare dati riservati utilizzando chiavi asimmetriche','Organizzare i messaggi in e-mail in base al loro contenuto','Ottenere l’accesso ad informazioni personali mediante l’uso di falsi messaggi di posta elettronica','Reperire informazioni con successive ricerche su banca dati',3,2),(30,'Il phishing è','Phishing','Un attacco informatico','Un tipo di antivirus','Un file','Un software',1,2),(31,'Un trojan horse è: ','Trojan Horse','Una chiamata del sistema operativo nascosta all’utente','Un virus','Un antivirus','Un videogame',2,2),(32,'Possiamo escludere che una mail diffonda malware se:','Malware','Il collegamento passandoci sopra con il mouse non apre una pagina ufficiale','Proviene da qualcuno che non conosco ma non ha né allegati né link','Il collegamento è mascherato con url breve e non si comprende quale sito possa aprire','Mi chiede di fare click su un allegato o un collegamento per verificare qualcosa',2,2),(33,'Cosa, attraverso i messaggi, cercano di indurre con l’inganno a fornire informazioni personali come nome, cognome, telefono, email ecc..?','Phishing','Cookies','Plugins','Password','Phishing',4,2),(34,'In una email quale parte è più a rischio per la propagazione dei virus?','Virus','Il testo','L’intestazione','Gli allegati del messaggio ','Le immagini',3,2),(35,'Cosa sono i cookie?','Cookie','Virus','Siti web','File di dati','Estensioni',3,2),(36,'Come funzionano i cookie? ','Cookie','I cookie vengono utilizzati per salvare dei dati sensibili dell’utente a sua insaputa','I cookie sono necessari affinché l’utente possa navigare su internet \r\n','I cookie rendono poco sicura la navigazione dell’utente sui siti web che visita e rendono poco piacevole l’esperienza dell’utente online','I cookie vengono utilizzati per raccogliere informazioni sul tuo comportamento online, possono essere utilizzati per memorizzare le tue preferenze, le informazioni di accesso e le attività di navigazione',4,2),(37,'Cosa si intende con il termine CyberBullismo?','CyberBullismo','Il termine CyberBullismo si riferisce alla pratica di intimidire, umiliare o molestare una persona attraverso lettere anonime\r\n','Il termine CyberBullismo si riferisce alla pratica di intimidire, umiliare o molestare una persona attraverso l’uso delle mani','Il termine CyberBullismo si riferisce alla pratica di intimidire, umiliare o molestare una persona attraverso l\'uso di mezzi digitali','Il termine CyberBullismo si riferisce alla pratica di intimidire, umiliare o molestare una persona attraverso l’uso dei mezzi analogici',3,2),(38,'Cos’è lo spyware?','Spyware','Un tipo di cookie','Un tipo di malware','Un tipo di browser','Un tipo di rete',2,2),(39,'Che azioni intraprendere per proteggersi dai virus? ','Virus','Utilizzare un antivirus, scaricare software solo da fonti affidabili, prestare attenzione agli allegati di una mail ed eseguire regolarmente backup dei propri dati personali','Evitando qualsiasi tipo di antivirus esistente ed effettuare regolarmente un backup dei dati','Utilizzando una connessione ad internet affidabile ed eseguire il backup dei propri dati personali di tanto in tanto ','Utilizzare un antivirus sarà sufficiente a proteggere i dati personali in caso in cui si apra un link di un\'email sospetta',1,2),(40,'Cos’è l’adware? ','Adware','Un tipo di malware che riempie il dispositivo con un numero di annunci eccessivo','Un tipo di malware pensato per prendere l’intero controllo del dispositivo ','Un tipo di malware che raccoglie informazioni dell\'utente senza il suo consenso','Un tipo di malware che raccoglie informazioni personali fingendosi un ente affidabile in una comunicazione digitale ',1,2),(41,'Che tipo di rete è VPN? ','VPN','Rete pubblica','Rete privata','Rete locale senza grandi possibilità di estensione','Rete locale con ampie possibilità di estensione',2,3),(42,'Cos\'è un computer zombie? ','Computer zombie','Un computer che all’insaputa del proprietario è stato compromesso da cracker o infettato da un virus permettendo a persone non autorizzate di assumerne il controllo','Un computer connesso ad internet che utilizza un sistema operativo e/o un antivirus obsoleti e pertanto potrebbe essere facilmente vittima di cracker o virus\r\n','Un computer che si collega ad internet senza utilizzare un software di protezione','Un computer che all’insaputa del proprietario è stato compromesso da cracker o infettato da un virus permettendo a persone autorizzate di assumerne il controllo',1,3),(43,'Un attacco che impedisce agli utenti di accedere ad un sito web a causa di un bombardamento di traffico di rete è detto: ','Denial of Service','Denial of service','Cavallo di troia','Cracking','adBlocker',1,3),(44,'Cosa si intende per Ransomware? ','Ransomware','È una tipologia di virus che mira al rallentamento di un proprio computer sovraccaricando la memoria','È un tipo di malware che blocca l’accesso ai dati della vittima e minaccia di pubblicarli o cancellarli se non viene pagato un riscatto','È un software utilizzato per “sniffare” pacchetti dati su una rete','È un tipo di software che blocca l’accesso ai dati della vittima e minaccia di pubblicarli o cancellarli se non viene pagato un riscatto',2,3),(45,'In internet, che cosa fa un firewall? ','Firewall','Filtra i pacchetti inviati alla rete che esso protegge bloccando quelli indesiderati','Accelera il reperimento delle pagine web ed invia pacchetti in rete','Attiva le connessioni ftp bloccando connessioni indesiderate','Connette due dispositivi ed invia pacchetti in rete',1,3),(46,'In ambito informatico come è definito il sistema per la protezione di dati atto a garantire la confidenzialità e l’integrità? ','Crittografia','Compressione','Stenotipia','Backup','Crittografia',4,3),(47,'Il ransomware è: ','Ransomware','È un virus che fa rallentare il pc','È un sistema di difesa','È una directory di windows','È un tipo di malware che chiede un riscatto',4,3),(48,'Quale strumento giuridico protegge la privacy delle informazioni degli utenti? ','GDPR','La nostra costituzione','Il codice civile','Il garante privacy ','L’antivirus installato',3,3),(49,'A cosa serve una VPN? ','VPN','A connettersi prima','A valorizzare i software del pc','A proteggere la privacy','A potenziare l’antivirus',3,3),(50,'Il trojan lo si può definire Ransomware: ','Ransomware','Si','Si qualche volta','Si per lungo tempo','No affatto',4,3),(51,'Per verificare che stai utilizzando una connessione sicura mentre navighi sul tuo browser devi che controllare che sia presente: ','Sicurezza dei siti','Un icona del logo del sito che stai visitando nella parte sinistra della barra degli indirizzi del browser','La parola “ufficiale” o “autentico” nella url del dominio','“http” come prima parola a sinistra del nome a dominio','Un icona con un lucchetto alla sinistra della URL',4,3),(52,'Dispone l’art.5 del GDPR che i dati personali devono essere raccolti per finalità determinate, esplicite e legittime, e successivamente trattati in modo che non sia incompatibile con tali finalità, in applicazione del principio: ','GDPR','Di limitazione e della conservazione','Di limitazione delle finalità ','Dell’esattezza','Della conservazione delle finalità',2,3),(53,'Ai sensi dell’art. 21 del GDPR, se l’interessato revoca il consenso al trattamento dei dati personali, il trattamento medesimo potrà proseguire: ','GDPR','Per l’accertamento e l’esercizio di un diritto in sede giudiziaria e amministrativa','Per l’accertamento, l’esercizio e la difesa di un diritto in sede giudiziaria','Per l’esercizio e la difesa di un diritto in sede amministrativa e giudiziaria','Per l’accertamento e la difesa di un diritto in sede giudiziaria',2,3),(54,'Che cosa è la GDPR? ','GDPR','La GDPR (General Data Protection Regulation) è un regolamento mondiale sulla protezione dei dati personali. ','La GDPR (General Data Protection Regulation) è un regolamento  italiano sulla protezione dei dati personali.','La GDPR (General Data Protection Regulation) è un regolamento europeo sulla protezione dei dati personali.','La GDPR (General Data Protection Regulation) è un regolamento europeo sulla protezione dei rapporti personali.',3,3),(55,'Quali sono i diritti dell\'utente in base alla GDPR?','GDPR','Includono il diritto di accedere ai propri dati personali, di chiedere la correzione o la cancellazione dei propri dati personali, di opporsi alla raccolta e all\'utilizzo dei propri dati personali e il diritto alla portabilità dei propri dati','Includono il diritto di bloccare l’accesso da parte di terzi ai propri dati personali, di chiedere la correzione o la cancellazione dei dati personali, di opporsi alla raccolta e all\'utilizzo dei dati personali e il diritto alla portabilità dei dati','Includono il diritto di accedere ai propri dati sensibili, di chiedere la correzione o la cancellazione dei propri dati sensibili, di opporsi alla raccolta e all\'utilizzo dei propri dati sensibili e il diritto alla portabilità dei propri dati','Includono il diritto di bloccare l’accesso da parte di terzi ai dati sensibili, l’obbligo di correzione o cancellazione dei dati sensibili, di opporsi alla raccolta e all\'utilizzo dei dati sensibili e il diritto alla portabilità dei dati personali',1,3);
/*!40000 ALTER TABLE `domanda` ENABLE KEYS */;
UNLOCK TABLES;

--
-- Table structure for table `favola`
--

DROP TABLE IF EXISTS `favola`;
/*!40101 SET @saved_cs_client     = @@character_set_client */;
/*!50503 SET character_set_client = utf8mb4 */;
CREATE TABLE `favola` (
  `id_favola` int NOT NULL AUTO_INCREMENT,
  `titolo_favola` varchar(60) CHARACTER SET utf8mb4 COLLATE utf8mb4_general_ci NOT NULL,
  `testo_favola` varchar(5000) CHARACTER SET utf8mb4 COLLATE utf8mb4_general_ci NOT NULL,
  `image_path` varchar(250) CHARACTER SET utf8mb4 COLLATE utf8mb4_0900_ai_ci DEFAULT NULL,
  `meta_info` varchar(100) CHARACTER SET utf8mb4 COLLATE utf8mb4_general_ci NOT NULL,
  PRIMARY KEY (`id_favola`) USING BTREE,
  KEY `FK_fiaba_meta_info` (`meta_info`),
  CONSTRAINT `FK_fiaba_meta_info` FOREIGN KEY (`meta_info`) REFERENCES `meta_info` (`keyword`)
) ENGINE=InnoDB AUTO_INCREMENT=18 DEFAULT CHARSET=utf8mb4 COLLATE=utf8mb4_general_ci;
/*!40101 SET character_set_client = @saved_cs_client */;

--
-- Dumping data for table `favola`
--

LOCK TABLES `favola` WRITE;
/*!40000 ALTER TABLE `favola` DISABLE KEYS */;
INSERT INTO `favola` VALUES (1,'Passwolandia','C\'ERA UNA VOLTA UN REGNO MAGICO CHIAMATO PASSWORDIA. QUI, TUTTE LE INFORMAZIONI ERANO PROTETTE DA UNA MAGICA PAROLA D\'ORDINE, CONOSCIUTA COME LA \"PASSWORD DEL REGNO\". QUESTA PASSWORD VENIVA UTILIZZATA PER PROTEGGERE LE INFORMAZIONI PIÙ IMPORTANTI E SEGRETE DEL REGNO.\r\nUN GIORNO, UN MALVAGIO LADRO DI NOME HACKERUS HA DECISO DI ATTACCARE PASSWORDIA PER RUBARE LE INFORMAZIONI SEGRETE DEL REGNO. QUANDO È ARRIVATO AL CANCELLO, HA CHIESTO AI SOLDATI DI GUARDIA LA PASSWORD, MA I SOLDATI NON GLIEL\'HANNO DATA PERCHÉ NON AVEVA AUTORIZZAZIONE. TUTTAVIA, HACKERUS ERA UN MAESTRO NELL\'ARTE DEL FURTO DI PASSWORD E HA CERCATO DI INDOVINARE LA PASSWORD.\r\nHA PROVATO LE PASSWORD PIÙ OVVIE COME \"123456\" O \"PASSWORD\", MA QUESTE NON HANNO FUNZIONATO. POI, HA PROVATO ALCUNE PASSWORD PIÙ COMPLESSE COME \"TR4V!$\", MA ANCORA NIENTE. INFINE, DOPO AVER PASSATO MOLTE ORE CERCANDO DI INDOVINARE, HA SCOPERTO LA PASSWORD DEL REGNO: \"P@$$W0RD1A\".\r\nMA QUANDO HA PROVATO AD ACCEDERE ALLE INFORMAZIONI SEGRETE DEL REGNO, HA SCOPERTO CHE LE INFORMAZIONI ERANO STATE CRITTOGRAFATE E PROTETTE DA UNA SECONDA PASSWORD, ANCORA PIÙ DIFFICILE DA INDOVINARE. QUESTA VOLTA, LA PASSWORD ERA COMPOSTA DA UN INSIEME DI LETTERE, NUMERI E SIMBOLI CASUALI E NON AVEVA ALCUN SENSO LOGICO.\r\nHACKERUS HA CAPITO CHE AVEVA PERSO LA BATTAGLIA, POICHÉ NON ERA IN GRADO DI TROVARE LA PASSWORD CORRETTA PER ACCEDERE ALLE INFORMAZIONI SEGRETE DEL REGNO. ALLA FINE, È STATO COSTRETTO AD ABBANDONARE IL SUO PIANO MALVAGIO E FUGGIRE DA PASSWORDIA.\r\nQUESTA FAVOLA CI INSEGNA CHE LA SCELTA DI UNA PASSWORD FORTE E SICURA È ESSENZIALE PER PROTEGGERE LE NOSTRE INFORMAZIONI E LA NOSTRA PRIVACY. UNA BUONA PASSWORD DOVREBBE ESSERE LUNGA, COMPLESSA E NON FACILMENTE INDOVINABILE. DOVREBBE CONTENERE UNA COMBINAZIONE DI LETTERE MAIUSCOLE E MINUSCOLE, NUMERI E SIMBOLI SPECIALI. IN QUESTO MODO, SAREMO IN GRADO DI PROTEGGERE LE NOSTRE INFORMAZIONI PERSONALI E MANTENERE AL SICURO LE NOSTRE CREDENZIALI DI ACCESSO DA EVENTUALI ATTACCHI HACKER MALINTENZIONATI.','https://img.freepik.com/premium-vector/mobile-design-concept_24911-22553.jpg?w=826','Password'),(2,'Il regno dei computer','C\'ERA UNA VOLTA UN REGNO DI COMPUTER FELICI CHE VIVEVANO IN PACE E ARMONIA. TUTTI AVEVANO UN COMPITO SPECIFICO: ALCUNI MEMORIZZAVANO INFORMAZIONI, ALTRI FACEVANO CALCOLI, ALTRI ANCORA MOSTRAVANO IMMAGINI O RIPRODUCEVANO SUONI. TUTTI INSIEME, LAVORAVANO DURAMENTE PER AIUTARE IL LORO RE A GOVERNARE IL REGNO.\r\nUN GIORNO, PERÒ, UN MALVAGIO VIRUS INFORMATICO ENTRÒ NEL REGNO E INIZIÒ A DIFFONDERSI TRA I COMPUTER. ERA UN VIRUS MOLTO ASTUTO: SI NASCONDEVA NEI FILE CHE VENIVANO SCARICATI DA INTERNET O NEI MESSAGGI DI POSTA ELETTRONICA E SI INSINUAVA NELLA MEMORIA DEI COMPUTER, RUBANDO INFORMAZIONI O IMPEDENDO AI PROGRAMMI DI FUNZIONARE CORRETTAMENTE.\r\nIL RE DEI COMPUTER, PREOCCUPATO PER LA SICUREZZA DEL REGNO, CHIAMÒ A SÉ IL SAGGIO VECCHIO SAGGIO DEL REGNO E GLI CHIESE DI TROVARE UN MODO PER PROTEGGERE I SUOI SUDDITI DAL VIRUS INFORMATICO. IL VECCHIO SAGGIO GLI DISSE CHE IL VIRUS INFORMATICO ERA COME UN LADRO CHE CERCAVA DI RUBARE LE INFORMAZIONI E LE RISORSE DEL COMPUTER, E CHE LA COSA MIGLIORE DA FARE ERA ADOTTARE ALCUNE PRECAUZIONI PER EVITARE CHE IL VIRUS ENTRASSE NEL REGNO.\r\nIL RE ALLORA CHIAMÒ UN GIOVANE E BRILLANTE PROGRAMMATORE DI NOME LUCA E GLI CHIESE DI CREARE UN SOFTWARE DI SICUREZZA PER PROTEGGERE IL REGNO DAL VIRUS INFORMATICO. LUCA INIZIÒ A LAVORARE DURAMENTE E ALLA FINE CREÒ UN SOFTWARE MERAVIGLIOSO, CHE IMPEDIVA AL VIRUS INFORMATICO DI ENTRARE NEL REGNO E INFETTARE I COMPUTER.\r\nIL RE DELLA CITTÀ ERA FELICE E DISTRIBUÌ IL SOFTWARE DI SICUREZZA DI LUCA A TUTTI I SUOI SUDDITI. MA IL MALVAGIO VIRUS INFORMATICO NON SI DIEDE PER VINTO E INIZIÒ A CERCARE NUOVI MODI PER INFETTARE I COMPUTER DEL REGNO. SCOPRÌ CHE POTEVA MASCHERARSI DA PROGRAMMA INNOCUO E INGANNARE I COMPUTER PER FARLI APRIRE.\r\nLUCA CAPÌ CHE IL VIRUS INFORMATICO ERA MOLTO ASTUTO E DECISE DI CREARE UN NUOVO SOFTWARE CHE POTESSE INDIVIDUARE E DISTRUGGERE IL VIRUS. DOPO MOLTE NOTTI PASSATE AL LAVORO, LUCA CREÒ UN PROGRAMMA ANCORA PIÙ POTENTE, CHE RIUSCIVA A INDIVIDUARE IL VIRUS INFORMATICO ANCHE QUANDO SI NASCONDEVA IN MODO MOLTO ASTUTO.\r\nQUANDO IL VIRUS INFORMATICO TORNÒ AD ATTACCARE IL REGNO, I COMPUTER ERANO ANCORA PIÙ PROTETTI GRAZIE AL NUOVO SOFTWARE DI LUCA. IL MALVAGIO VIRUS INFORMATICO NON RIUSCÌ A INFETTARE NEMMENO UN COMPUTER E DOVETTE RITIRARSI SCONFITTO.\r\nMORALE: IL VIRUS INFORMATICO È COME UN LADRO CHE CERCA DI RUBARE LE INFORMAZIONI E LE RISORSE DEL NOSTRO COMPUTER. POSSIAMO PROTEGGERE IL NOSTRO PC ADOTTANDO ALCUNE PRECAUZIONI, COME NON APRIRE MESSAGGI DI POSTA ELETTRONICA SOSPETTI, SCARICARE SOLO PROGRAMMI DA FONTI AFFIDABILI E UTILIZZARE UN SOFTWARE DI SICUREZZA. E SE INCONTRIAMO PROBLEMI, POSSIAMO SEMPRE CHIEDERE AIUTO A UN ESPERTO COME LUCA.\r\n','https://img.freepik.com/premium-vector/mascot-cartoon-carpet-as-king_152558-95070.jpg?w=740','Malware'),(3,'\r\nL’ape Melinda\r\n','C\'ERA UNA VOLTA UN\'APE LABORIOSA DI NOME MELINDA, CHE TRASCORREVA LE SUE GIORNATE A RACCOGLIERE NETTARE E POLLINE DAI FIORI DEL PRATO. UN GIORNO, MELINDA RICEVETTE UNA LETTERA IN CUI SI DICEVA CHE ERA STATA SCELTA PER PARTECIPARE A UN CONCORSO PER API LAVORATRICI ECCEZIONALI. LA LETTERA SEMBRAVA UFFICIALE E CONVINCENTE, CON IL LOGO DELL\'ORGANIZZAZIONE DELLE API E TUTTE LE INFORMAZIONI NECESSARIE PER PARTECIPARE AL CONCORSO.\r\nMELINDA, FELICE DI ESSERE STATA SELEZIONATA, SEGUÌ TUTTE LE ISTRUZIONI NELLA LETTERA. TUTTAVIA, QUANDO IL GIORNO DEL CONCORSO ARRIVÒ, MELINDA SI ACCORSE CHE NON C\'ERA NESSUNO AL LUOGO INDICATO NELLA LETTERA. INVECE, UN\'APE MALVAGIA STAVA ASPETTANDO LÌ PER RUBARLE IL NETTARE E IL POLLINE CHE AVEVA RACCOLTO.\r\nMELINDA SI RESE CONTO CHE ERA STATA VITTIMA DI UN TRUCCO CHIAMATO PHISHING. QUALCUNO AVEVA INVIATO UNA LETTERA FASULLA PER OTTENERE LE SUE INFORMAZIONI PERSONALI E RUBARLE IL FRUTTO DEL SUO LAVORO. FORTUNATAMENTE, MELINDA ERA FURBA E SI ERA ACCORTA DEL TRUCCO IN TEMPO.\r\nMORALE DELLA STORIA: IL PHISHING È COME UN TRUCCO USATO DA PERSONE MALVAGIE PER RUBARE LE NOSTRE INFORMAZIONI PERSONALI. POSSIAMO PROTEGGERCI DAL PHISHING ADOTTANDO ALCUNE PRECAUZIONI, COME VERIFICARE LA FONTE DELLE INFORMAZIONI CHE CI VENGONO INVIATE E NON FORNIRE MAI INFORMAZIONI PERSONALI A SCONOSCIUTI. SE ABBIAMO DUBBI, POSSIAMO SEMPRE CHIEDERE AIUTO A UN ADULTO DI FIDUCIA.\r\n','https://img.freepik.com/free-vector/realistic-spring-illustration_52683-106607.jpg?w=740&t=st=1683933946~exp=1683934546~hmac=070c89dbba20ed8342424e76b4486a130c9ac918dcc14251a9ed3ceea4c100f6','Phishing'),(4,'Sara e la lezione di Tom','C\'ERA UNA VOLTA UN PICCOLO PAESE CHIAMATO DATAVILLE, DOVE VIVEVANO MOLTE PERSONE. OGNI GIORNO, QUESTE PERSONE CONDIVIDEVANO INFORMAZIONI CON ALTRE PERSONE, SENZA PREOCCUPARSI DELLA SICUREZZA DEI LORO DATI.\r\nUN GIORNO, PERÒ, UNA SIGNORA DI NOME SARA HA AVUTO UNA BRUTTA SORPRESA. QUALCUNO AVEVA RUBATO IL SUO COMPUTER PORTATILE, CHE CONTENEVA MOLTE INFORMAZIONI SENSIBILI COME I SUOI DATI BANCARI E LE SUE PASSWORD.\r\nSARA ERA MOLTO PREOCCUPATA, POICHÉ SAPEVA CHE QUESTE INFORMAZIONI POTREBBERO ESSERE UTILIZZATE PER FARE DANNI. MA COSA AVREBBE DOVUTO FARE PER PROTEGGERE I SUOI DATI SENSIBILI?\r\nSARA HA CHIESTO AIUTO AI SUOI AMICI DELLA CITTÀ. UN ESPERTO DI SICUREZZA INFORMATICA, DI NOME TOM, LE HA SPIEGATO LA DIFFERENZA TRA DATI SENSIBILI E NON SENSIBILI E COME PROTEGGERLI.\r\nTOM HA SPIEGATO CHE I DATI NON SENSIBILI SONO INFORMAZIONI CHE NON SONO PERSONALI O FINANZIARIE E CHE NON POTREBBERO CAUSARE DANNI SE CADESSERO IN MANO SBAGLIATA, COME IL COLORE PREFERITO O LA CITTÀ PREFERITA. INVECE, I DATI SENSIBILI SONO INFORMAZIONI PERSONALI O FINANZIARIE CHE POTREBBERO CAUSARE DANNI SE CADESSERO IN MANO SBAGLIATA, COME IL NUMERO DI CARTA DI CREDITO O IL CODICE FISCALE.\r\nTOM HA CONSIGLIATO A SARA DI PROTEGGERE I SUOI DATI SENSIBILI CON LA MASSIMA ATTENZIONE. HA SPIEGATO CHE DEVE UTILIZZARE PASSWORD COMPLESSE E NON UTILIZZARE LA STESSA PASSWORD PER PIÙ ACCOUNT. INOLTRE, TOM LE HA SUGGERITO DI NON CONSERVARE INFORMAZIONI SENSIBILI SUL SUO COMPUTER O TELEFONO, IN MODO DA EVITARE CHE POSSANO ESSERE RUBATI.\r\nSARA HA SEGUITO I CONSIGLI DI TOM E HA IMPARATO A PROTEGGERE I SUOI DATI SENSIBILI. HA CAMBIATO LE SUE PASSWORD E HA SMESSO DI CONSERVARE LE INFORMAZIONI PERSONALI SUL SUO COMPUTER PORTATILE.\r\nLA MORALE DELLA FAVOLA È CHE I DATI SENSIBILI DEVONO ESSERE PROTETTI CON LA MASSIMA ATTENZIONE. BISOGNA EVITARE DI CONDIVIDERLI CON PERSONE SCONOSCIUTE E UTILIZZARE PASSWORD COMPLESSE. SOLO COSÌ POSSIAMO PROTEGGERE I NOSTRI DATI SENSIBILI E PREVENIRE IL FURTO DI IDENTITÀ E ALTRI PROBLEMI DI SICUREZZA.\r\n','https://img.freepik.com/free-vector/two-cartoon-phones_1207-266.jpg?w=740&t=st=1683934195~exp=1683934795~hmac=d2c8f2b20930de2b66dd1ec40c3da4831554a394f6c068a0ccea468195b5fdd2','Dati sensibili'),(5,'La curiosità del topolino Timmy','C\'ERA UNA VOLTA UN PACIFICO REGNO CHIAMATO CYBERLANDIA, DOVE VIVEVANO MOLTI ANIMALI INTELLIGENTI E CURIOSI. TRA QUESTI C\'ERA UN PICCOLO TOPO DI NOME TIMMY, CHE AMAVA ESPLORARE IL REGNO E SCOPRIRE NUOVE COSE.\r\nUN GIORNO, UN GATTONE CATTIVO DI NOME BEN CREÒ UNA TRAPPOLA INVIANDO UNA MAIL FASULLA A TIMMY. MENTRE TIMMY STAVA NAVIGANDO SU INTERNET, HA RICEVUTO QUESTA STRANA EMAIL. LA EMAIL SEMBRAVA INNOCUA, MA AL SUO INTERNO C\'ERA UN LINK CHE AVREBBE POTUTO CAUSARE PROBLEMI.\r\nCURIOSO, TIMMY HA CLICCATO SUL LINK, MA NON SAPEVA CHE ERA UN TROJAN HORSE, UN PROGRAMMA MALEVOLO CHE PUÒ INFETTARE IL COMPUTER E CAUSARE DANNI IRREPARABILI.\r\nDOPO AVER CLICCATO SUL LINK, IL COMPUTER DI TIMMY È STATO INFETTATO DAL TROJAN HORSE. IL VIRUS HA INIZIATO A DIFFONDERSI E A RUBARE INFORMAZIONI PERSONALI, DATI BANCARI E ALTRE INFORMAZIONI IMPORTANTI.\r\nTIMMY ERA MOLTO PREOCCUPATO PER IL SUO COMPUTER E PER LE SUE INFORMAZIONI PERSONALI. HA CHIESTO AIUTO AI SUOI AMICI DELLA CYBERLANDIA E UN SAGGIO GUFO DI NOME OWL GLI HA SPIEGATO COME PROTEGGERSI DAI TROJAN HORSE.\r\nOWL HA SPIEGATO CHE I TROJAN HORSE SONO SPESSO NASCOSTI IN EMAIL O LINK CHE SEMBRANO INNOCUI. HA SUGGERITO A TIMMY DI NON CLICCARE SU LINK SOSPETTI E DI NON APRIRE EMAIL DA MITTENTI SCONOSCIUTI. INOLTRE, HA CONSIGLIATO DI INSTALLARE UN BUON ANTIVIRUS E DI AGGIORNARE REGOLARMENTE IL SOFTWARE DEL COMPUTER.\r\nTIMMY HA SEGUITO I CONSIGLI DI OWL E HA IMPARATO A PROTEGGERE IL SUO COMPUTER DAI TROJAN HORSE. HA EVITATO DI CLICCARE SU LINK SOSPETTI E DI APRIRE EMAIL DA MITTENTI SCONOSCIUTI. HA ANCHE INSTALLATO UN BUON ANTIVIRUS E HA AGGIORNATO REGOLARMENTE IL SOFTWARE DEL SUO COMPUTER ED IL GATTONE BEN NON È RIUSCITO PIÙ A CREARE NUOVE TRAPPOLE.\r\nLA MORALE DELLA FAVOLA È CHE I TROJAN HORSE POSSONO CAUSARE DANNI IRREPARABILI AL NOSTRO COMPUTER E ALLE NOSTRE INFORMAZIONI PERSONALI. BISOGNA EVITARE DI CLICCARE SU LINK SOSPETTI E DI APRIRE EMAIL DA MITTENTI SCONOSCIUTI. INOLTRE, BISOGNA INSTALLARE UN BUON ANTIVIRUS E AGGIORNARE REGOLARMENTE IL SOFTWARE DEL NOSTRO COMPUTER PER PROTEGGERE I NOSTRI DATI PERSONALI E LE NOSTRE INFORMAZIONI BANCARIE.\r\n','https://img.freepik.com/premium-vector/rat-laptop-magnifying-glass_1308-16641.jpg?w=1060','Trojan Horse'),(6,'La regina dei segreti','C\'ERA UNA VOLTA UNA REGINA MOLTO SPECIALE, CHE AMAVA I SEGRETI. OGNI VOLTA CHE AVEVA UN SEGRETO, LO CUSTODIVA GELOSAMENTE E LO NASCONDEVA IN UN POSTO SICURO. MA UN GIORNO, LA REGINA SI ACCORSE CHE I SUOI SEGRETI ERANO A RISCHIO, PERCHÉ ALCUNE PERSONE VOLEVANO SCOPRIRLI.\r\nCOSÌ LA REGINA DECISE DI PROTEGGERE I SUOI SEGRETI CON UNA GRANDE BARRIERA. CHIAMÒ LA BARRIERA \"PRIVACY\" E LA FECE COSTRUIRE INTORNO AL SUO CASTELLO. LA BARRIERA ERA FATTA DI MURI ALTI E SPESSI, CHE NESSUNO POTEVA ATTRAVERSARE SENZA IL PERMESSO DELLA REGINA.\r\nMA LA REGINA SAPEVA CHE DOVEVA FARE DI PIÙ PER PROTEGGERE I SUOI SEGRETI. CHIAMÒ TUTTI I SUOI AMICI E I SUOI SUDDITI E DISSE LORO CHE LA PRIVACY ERA MOLTO IMPORTANTE E CHE TUTTI DOVEVANO AIUTARLA A PROTEGGERE I SUOI SEGRETI.\r\nLA REGINA INIZIÒ A SPIEGARE AI BAMBINI CHE I LORO SEGRETI ERANO COME TESORI, CHE DOVEVANO ESSERE CUSTODITI E PROTETTI. DISSE LORO CHE POTEVANO CONDIVIDERE I LORO SEGRETI SOLO CON PERSONE DI CUI SI FIDAVANO, COME I LORO GENITORI O I LORO MIGLIORI AMICI.\r\nLA REGINA FECE ANCHE UN REGALO SPECIALE AI BAMBINI: UN LUCCHETTO CON UNA CHIAVE, SIMBOLO DELLA LORO PRIVACY. DISSE LORO CHE IL LUCCHETTO POTEVA ESSERE UTILIZZATO PER PROTEGGERE I LORO SEGRETI E CHE LA CHIAVE DOVEVA ESSERE CUSTODITA IN UN POSTO SICURO, DOVE SOLO LORO POTEVANO TROVARLA.\r\nDA QUEL GIORNO IN POI, TUTTI I BAMBINI DELLA CITTÀ IMPARARONO L\'IMPORTANZA DELLA PRIVACY E CAPIRONO CHE I LORO SEGRETI ERANO TESORI PREZIOSI DA CUSTODIRE. LA REGINA DEI SEGRETI ERA FELICE, SAPENDO CHE I SUOI SEGRETI ERANO AL SICURO, E I BAMBINI DELLA CITTÀ IMPARARONO UNA LEZIONE IMPORTANTE SULLA PRIVACY.\r\nLA MORALE DELLA STORIA È CHE LA PRIVACY È UN DIRITTO IMPORTANTE CHE DEVE ESSERE PROTETTO. CUSTODIRE I NOSTRI SEGRETI È COME CUSTODIRE UN TESORO E DOBBIAMO FARE IN MODO CHE SOLO LE PERSONE DI CUI CI FIDIAMO POSSANO CONDIVIDERLI CON NOI.\r\n','https://img.freepik.com/free-vector/princess-gold-crown-medieval-castle_107791-9966.jpg?w=1380&t=st=1683934727~exp=1683935327~hmac=ff78c01047f5b52220a6f213089633867100d8d8932b77ac8e88bdb341f57b7d','Privacy'),(7,'L\'Orco dello Spamming','C\'ERA UNA VOLTA UN BRUTTO ORCO CHE VIVEVA IN UNA GROTTA OSCURA AL CENTRO DELLA FORESTA. L\'ORCO AVEVA UN BRUTTO VIZIO: MANDAVA MESSAGGI INDESIDERATI A TUTTE LE PERSONE CHE CONOSCEVA, CHIAMATI \"SPAM\".\r\nUN GIORNO, L\'ORCO INCONTRÒ UN GRUPPO DI BAMBINI CHE STAVANO GIOCANDO NEL BOSCO. L\'ORCO LI CHIESE SE VOLESSERO GIOCARE CON LUI E I BAMBINI ACCETTARONO. MA L\'ORCO AVEVA UN\'ALTRA IDEA IN MENTE. INVECE DI GIOCARE, INIZIÒ A MANDARE MESSAGGI SPAM AI BAMBINI SUI LORO TELEFONI CELLULARI.\r\nI BAMBINI ERANO CONFUSI E SPAVENTATI. NON SAPEVANO COSA FOSSE LO SPAM E PERCHÉ L\'ORCO GLI STAVA MANDANDO QUEI MESSAGGI. MA POI, UN SAGGIO GUFO COMPARVE E SPIEGÒ LORO CHE LO SPAM ERA UNA COSA CATTIVA E CHE NON DOVREBBERO MAI RISPONDERE A QUEI MESSAGGI.\r\nIL GUFO DISSE LORO CHE L\'ORCO STAVA VIOLANDO LA LORO PRIVACY E CHE ERA IMPORTANTE CHE I BAMBINI NON GLI DESSERO MAI LE LORO INFORMAZIONI PERSONALI. DISSE LORO CHE L\'ORCO ERA UN CATTIVO E CHE AVREBBERO DOVUTO EVITARE DI GIOCARE CON LUI IN FUTURO.\r\nI BAMBINI CAPIRONO LA LEZIONE E DECISERO DI PARLARE CON L\'ORCO. SPIEGARONO CHE IL SUO COMPORTAMENTO ERA SBAGLIATO E CHE DOVEVA SMETTERE DI MANDARE SPAM. L\'ORCO CAPÌ L\'ERRORE CHE AVEVA COMMESSO E CHIESE SCUSA AI BAMBINI.\r\nDOPO QUEL GIORNO, L\'ORCO IMPARÒ L\'IMPORTANZA DEL RISPETTO PER LA PRIVACY ALTRUI E DELLA BUONA CONDOTTA. NON MANDÒ PIÙ SPAM A NESSUNO E I BAMBINI LO PERDONARONO, RICONOSCENDO CHE AVEVA CAPITO IL SUO ERRORE.\r\nLA MORALE DELLA STORIA È CHE LO SPAMMING È UNA COSA CATTIVA E NON DOVREBBE MAI ESSERE TOLLERATO. RISPETTARE LA PRIVACY DELLE PERSONE È FONDAMENTALE E NON DOVREMMO MAI INVADERE LO SPAZIO PERSONALE DEGLI ALTRI PER OTTENERE QUALCOSA IN CAMBIO.\r\n','https://img.freepik.com/free-vector/goblin-troll-with-fire-cartoon-style-dark-cave-background_1308-47560.jpg?w=996&t=st=1683935058~exp=1683935658~hmac=9142ca0fee8ae7aef729744f58d6dbddf7651609edbca8c215a72b36aa1b3a13','Spam'),(8,'Il Castello Digitale Sicuro','C\'ERA UNA VOLTA UN REGNO DOVE TUTTI GLI ABITANTI ERANO APPASSIONATI DI TECNOLOGIA E AMAVANO NAVIGARE IN INTERNET. MA UN GIORNO, IL REGNO FU MINACCIATO DA UN MALVAGIO LADRO INFORMATICO CHE CERCAVA DI ENTRARE NEI SITI WEB E RUBARE INFORMAZIONI PREZIOSE.\r\nGLI ABITANTI DEL REGNO ERANO PREOCCUPATI E NON SAPEVANO COSA FARE PER PROTEGGERE LE LORO INFORMAZIONI. MA ALL\'IMPROVVISO, APPARVE UN SAGGIO MAGO CHE AVEVA UNA SOLUZIONE: COSTRUIRE UN CASTELLO DIGITALE SICURO PER PROTEGGERE I SITI WEB.\r\nIL MAGO RACCONTÒ AGLI ABITANTI DEL REGNO CHE IL CASTELLO SAREBBE STATO PROTETTO DA UNA FORTEZZA DI PASSWORD, CHE SAREBBERO STATE DIVERSE PER OGNI SITO. IN QUESTO MODO, I LADRI INFORMATICI NON SAREBBERO STATI IN GRADO DI INDOVINARE LE PASSWORD E DI ACCEDERE ALLE INFORMAZIONI PROTETTE.\r\nGLI ABITANTI DEL REGNO INIZIARONO A COSTRUIRE IL CASTELLO DIGITALE SICURO E LAVORARONO SODO PER RENDERE OGNI SITO WEB AL SUO INTERNO PROTETTO E SICURO. QUANDO IL CASTELLO FU COMPLETATO, I LADRI INFORMATICI NON FURONO PIÙ IN GRADO DI ACCEDERE AI SITI WEB E LE INFORMAZIONI DEGLI ABITANTI DEL REGNO FURONO AL SICURO.\r\nDA QUEL GIORNO IN POI, GLI ABITANTI DEL REGNO CONTINUARONO AD UTILIZZARE INTERNET IN MODO SICURO E RESPONSABILE, SAPENDO CHE IL LORO CASTELLO DIGITALE ERA LÌ PER PROTEGGERLI.\r\nLA MORALE DELLA STORIA È CHE LA SICUREZZA DEI SITI WEB È IMPORTANTE E NON DOVREMMO MAI IGNORARE LE MISURE DI SICUREZZA PER PROTEGGERE LE NOSTRE INFORMAZIONI PERSONALI. IL CASTELLO DIGITALE SICURO CI RICORDA CHE DOBBIAMO SEMPRE PROTEGGERE LA NOSTRA PRIVACY E MANTENERE I NOSTRI DATI AL SICURO.\r\n','https://img.freepik.com/free-vector/armed-guards-knight-armor-stand-forged-door_33099-1853.jpg?w=996&t=st=1683938339~exp=1683938939~hmac=751a2f16ebc8d40aea03bf7ed99d1d0370486dd78b7ac966e48cb0ba0fe9c4b7','Sicurezza dei siti'),(9,'La Chiave Magica','C\'ERA UNA VOLTA UN PICCOLO ELFO CHE AMAVA ESPLORARE IL MONDO DIGITALE. UN GIORNO, MENTRE NAVIGAVA IN INTERNET, SI RESE CONTO CHE ALCUNI SITI WEB RICHIEDEVANO UNA CHIAVE MAGICA PER POTER ACCEDERE ALLE INFORMAZIONI.\r\nIL PICCOLO ELFO DECISE DI CHIEDERE AIUTO A UN SAGGIO DRAGO CHE CONOSCEVA BENE IL MONDO DIGITALE. IL DRAGO GLI SPIEGÒ CHE QUELLA CHIAVE MAGICA SI CHIAMAVA AUTENTICAZIONE E SERVIVA PER PROTEGGERE LE INFORMAZIONI PERSONALI.\r\nIL DRAGO MOSTRÒ AL PICCOLO ELFO COME FUNZIONAVA L\'AUTENTICAZIONE. GLI DISSE CHE OGNI VOLTA CHE VOLEVA ACCEDERE A UN SITO WEB PROTETTO, DOVEVA INSERIRE UN NOME UTENTE E UNA PASSWORD SEGRETA. IN QUESTO MODO, IL SITO AVREBBE SAPUTO CHE ERA VERAMENTE IL PICCOLO ELFO AD ACCEDERE ALLE INFORMAZIONI E NON UN LADRO INFORMATICO.\r\nMA IL DRAGO AVVERTÌ IL PICCOLO ELFO CHE NON DOVEVA CONDIVIDERE LA SUA CHIAVE MAGICA CON NESSUNO. SE LO AVESSE FATTO, I LADRI INFORMATICI AVREBBERO POTUTO ACCEDERE ALLE SUE INFORMAZIONI PERSONALI E FARNE UN USO IMPROPRIO.\r\nIL PICCOLO ELFO IMPARÒ L\'IMPORTANZA DELL\'AUTENTICAZIONE E CAPÌ CHE DOVEVA USARLA OGNI VOLTA CHE NAVIGAVA IN INTERNET. GRAZIE ALLA SUA CHIAVE MAGICA, POTÉ ACCEDERE A TUTTI I SITI WEB CHE DESIDERAVA IN MODO SICURO E PROTETTO.\r\nLA MORALE DELLA STORIA È CHE L\'AUTENTICAZIONE ONLINE È COME UNA CHIAVE MAGICA CHE CI PROTEGGE DALLE INTENZIONI MALEVOLE DEI LADRI INFORMATICI. DOBBIAMO SEMPRE UTILIZZARLA PER ACCEDERE ALLE NOSTRE INFORMAZIONI PERSONALI E NON CONDIVIDERLA MAI CON NESSUNO. IN QUESTO MODO, POSSIAMO NAVIGARE IN INTERNET IN MODO SICURO E RESPONSABILE.\r\n','https://img.freepik.com/free-vector/illustration-cyber-security-concept_53876-43956.jpg?w=740&t=st=1683937126~exp=1683937726~hmac=a4d8392ba59e395b9f6a2b2cd2b92cb6b19cafd329f2e0dc9efb0b42bb48e79e','Autenticazione'),(10,'La Squadra degli Animali Protettori','C\'ERA UNA VOLTA UNA FORESTA MAGICA POPOLATA DA ANIMALI DI OGNI GENERE. TUTTI GLI ANIMALI AMAVANO NAVIGARE IN INTERNET, MA UN GIORNO UN MISTERIOSO VIRUS COMINCIÒ A DIFFONDERSI NELLA FORESTA, CAUSANDO PROBLEMI AI LORO DISPOSITIVI E COMPROMETTENDO LA LORO SICUREZZA ONLINE.\r\nLA VOLPE FURIOSA, IL GUFO SAGGIO E L\'ORSO CORAGGIOSO DECISERO DI FORMARE UNA SQUADRA PER PROTEGGERE LA FORESTA DAGLI EFFETTI DEL VIRUS E PER GARANTIRE LA SICUREZZA ONLINE DEGLI ANIMALI.\r\nLA VOLPE, CON LA SUA ASTUZIA, DECISE DI CREARE UNA LISTA DI CONSIGLI SULLA SICUREZZA ONLINE, TRA CUI NON CONDIVIDERE MAI INFORMAZIONI PERSONALI CON SCONOSCIUTI, NON CLICCARE SU LINK SOSPETTI E INSTALLARE SOFTWARE DI PROTEZIONE SUI LORO DISPOSITIVI.\r\nIL GUFO, CON LA SUA SAGGEZZA, SPIEGÒ AGLI ANIMALI CHE IL VIRUS INFORMATICO POTEVA ESSERE TRASMESSO DA FILE E LINK INFETTI, E CHE ERA IMPORTANTE EVITARE DI SCARICARE SOFTWARE DA FONTI NON AFFIDABILI.\r\nL\'ORSO, CON LA SUA FORZA, FECE IN MODO CHE IL CASTELLO DIGITALE DEGLI ANIMALI FOSSE SEMPRE AGGIORNATO CON L\'ULTIMA VERSIONE DELL\'ANTIVIRUS, IN MODO DA GARANTIRE UNA PROTEZIONE COMPLETA CONTRO I VIRUS INFORMATICI.\r\nGLI ANIMALI LAVORARONO INSIEME PER PROTEGGERE LA LORO FORESTA MAGICA E LA LORO SICUREZZA ONLINE. CON LA LORO SQUADRA DI ANIMALI PROTETTORI, LA FORESTA ERA AL SICURO DA VIRUS INFORMATICI E ALTRI PERICOLI ONLINE.\r\nLA MORALE DELLA STORIA È CHE GLI ANIMALI POSSONO NAVIGARE IN INTERNET, MA DEVONO FARLO IN MODO SICURO E RESPONSABILE. CON LA GIUSTA PROTEZIONE E PRECAUZIONE, GLI ANIMALI POSSONO NAVIGARE IN SICUREZZA ONLINE E GODERE DI TUTTI I BENEFICI DEL MONDO VIRTUALE.\r\n','https://img.freepik.com/free-vector/superhero-animals-lion-wolf-giving-interview_107791-9632.jpg?w=1380&t=st=1683936173~exp=1683936773~hmac=8ea9d29ad10555b6a946aae9e5e2eca340aae3774d2492759afc6007278501df','Malware'),(11,'Il Cavaliere Digitale','C\'ERA UNA VOLTA UN CAVALIERE CHIAMATO ALESSANDRO, CHE AMAVA NAVIGARE IN INTERNET E COMUNICARE CON I SUOI AMICI ATTRAVERSO I SOCIAL MEDIA. UN GIORNO, MENTRE NAVIGAVA IN RETE, SI IMBATTÉ IN UN POP-UP CHE LO INVITAVA A CLICCARE PER VINCERE UN PREMIO FANTASTICO. SENZA PENSARCI DUE VOLTE, ALESSANDRO CLICCÒ SUL POP-UP, MA INVECE DI UN PREMIO, IL SUO COMPUTER INIZIÒ A FUNZIONARE IN MODO STRANO.\r\nIL COMPUTER DI ALESSANDRO ERA STATO INFETTATO DA UN VIRUS CHIAMATO MALWARE. IL MALWARE STAVA CERCANDO DI DANNEGGIARE IL COMPUTER DI ALESSANDRO E DI RUBARE LE SUE INFORMAZIONI PERSONALI. FORTUNATAMENTE, ALESSANDRO ERA UN CAVALIERE CORAGGIOSO E NON SI ARRESE COSÌ FACILMENTE.\r\nALESSANDRO SI RIVOLSE ALLA STREGA DEL VILLAGGIO, CHE ERA ANCHE UN\'ESPERTA DI SICUREZZA INFORMATICA. LA STREGA GLI CONSIGLIÒ DI INSTALLARE UN PROGRAMMA ANTIVIRUS PER PROTEGGERE IL SUO COMPUTER E DI FARE ATTENZIONE A NON CLICCARE SU LINK SOSPETTI O SU POP-UP INGANNEVOLI.\r\nALESSANDRO SEGUÌ I CONSIGLI DELLA STREGA E IL SUO COMPUTER FU PRESTO RIPARATO. INOLTRE, IL CAVALIERE CAPÌ L\'IMPORTANZA DI PROTEGGERE I SUOI DISPOSITIVI DIGITALI, DI NON CONDIVIDERE INFORMAZIONI PERSONALI CON SCONOSCIUTI ONLINE E DI UTILIZZARE PASSWORD UNICHE E FORTI PER I SUOI ACCOUNT DIGITALI.\r\nIL CAVALIERE ALESSANDRO DIVENTÒ NOTO COME IL CAVALIERE DIGITALE, UN EROE CORAGGIOSO CHE DIFENDEVA LA RETE DA ATTACCHI CIBERNETICI E PROTEGGEVA I SUOI AMICI ONLINE. GRAZIE ALLA SUA CONOSCENZA SULLA SICUREZZA INFORMATICA, IL CAVALIERE DIGITALE SALVÒ MOLTI ALTRI CITTADINI DI INTERNET DAI PERICOLI DEL MALWARE E DEGLI ATTACCHI CIBERNETICI.\r\nLA MORALE DELLA STORIA È CHE DOBBIAMO ESSERE CORAGGIOSI COME IL CAVALIERE DIGITALE E PROTEGGERE I NOSTRI DISPOSITIVI DIGITALI DAGLI ATTACCHI CIBERNETICI. DOBBIAMO ANCHE ESSERE CONSAPEVOLI DEI PERICOLI ONLINE E ADOTTARE LE GIUSTE PRECAUZIONI PER PROTEGGERE NOI STESSI E I NOSTRI AMICI VIRTUALI.\r\n','https://img.freepik.com/free-vector/thief-stealing-ideas-from-someone_23-2148409559.jpg?w=740&t=st=1683937720~exp=1683938320~hmac=3daea803f79c58823334b78c74f7496fd15d913f7e5a6438ff19f38769f5a15d','CyberSecurity'),(12,'Il Potere delle Parole Gentili','C\'ERA UNA VOLTA UNA BAMBINA DI NOME LAURA, CHE ERA MOLTO BRAVA A USARE IL COMPUTER E INTERNET. UN GIORNO, MENTRE NAVIGAVA SU INTERNET, LAURA INCONTRÒ UN RAGAZZO MOLTO CATTIVO DI NOME MARCO, CHE INIZIÒ A INSULTARLA E A SCRIVERE COSE CATTIVE SU DI LEI SUI SOCIAL MEDIA.\r\nLAURA SI SENTÌ MOLTO TRISTE E ARRABBIATA PER LE PAROLE CATTIVE DI MARCO. NON SAPEVA COSA FARE, MA DECISE DI PARLARNE CON LA SUA MAMMA. LA MAMMA DI LAURA LE SPIEGÒ CHE QUELLE PAROLE CATTIVE ERANO UNA FORMA DI BULLISMO, CHIAMATA CYBERBULLISMO, E CHE POTEVANO FERIRE LE PERSONE PROFONDAMENTE.\r\nLAURA DECISE DI NON RISPONDERE ALLE PAROLE CATTIVE DI MARCO, MA INVECE DI SCRIVERE PAROLE GENTILI SU INTERNET, COME COMPLIMENTI ALLE FOTO DEI SUOI AMICI, O AUGURI DI BUONA GIORNATA. SCOPRÌ CHE LE PAROLE GENTILI POTEVANO FARE UNA GRANDE DIFFERENZA NELLA VITA DELLE PERSONE E LA FACEVANO SENTIRE FELICE E POSITIVA.\r\nCON IL TEMPO, GLI AMICI DI LAURA INIZIARONO A SCRIVERE ANCHE LORO PAROLE GENTILI, E PRESTO IL CYBERBULLISMO DI MARCO VENNE MESSO A TACERE DAL POTERE DELLE PAROLE GENTILI DI LAURA E DEI SUOI AMICI.\r\nLAURA IMPARÒ CHE INTERNET ERA UN POSTO MERAVIGLIOSO SE USATO CON GENTILEZZA E RISPETTO PER GLI ALTRI. E COSÌ, DIVENTÒ LA PRINCIPESSA DELLA GENTILEZZA NELLA RETE, INSEGNANDO AGLI ALTRI IL POTERE DELLE PAROLE GENTILI.\r\n','https://img.freepik.com/premium-vector/friend-supports-comforts-sad-crying-girl-empathy-compassion-love-illustration-sad-upset-girl-park-boy-giving-sweets-consoling-caring-sympathy_575670-1369.jpg?w=900','CyberBullismo'),(13,'La Foresta dei Cookie','C\'ERA UNA VOLTA UNA BAMBINA DI NOME ALICE, CHE AMAVA ESPLORARE LA FORESTA. UN GIORNO, MENTRE CAMMINAVA TRA GLI ALBERI, SI IMBATTÉ IN UNA STRANA CREATURA CHIAMATA COOKIE. ALICE NON SAPEVA COSA FOSSE UN COOKIE, MA LA CREATURA SEMBRAVA MOLTO AMICHEVOLE E LE SPIEGÒ CHE ERA UN TIPO DI FILE CHE VENIVA SALVATO SUL COMPUTER QUANDO SI VISITAVA UN SITO WEB.\r\nIL COOKIE SPIEGÒ AD ALICE CHE I SITI WEB UTILIZZAVANO I COOKIE PER RACCOGLIERE INFORMAZIONI SU CHI LE VISITAVA, COME LE PAGINE VISITATE E LE PREFERENZE DELL\'UTENTE, IN MODO DA OFFRIRE UN\'ESPERIENZA PERSONALIZZATA.\r\nALICE ERA MOLTO INCURIOSITA E CHIESE AL COOKIE SE FOSSE SICURO UTILIZZARLI. IL COOKIE RISPOSE CHE IN GENERE I COOKIE ERANO INNOCUI, MA POTEVANO ESSERE UTILIZZATI PER SCOPI MALINTENZIONATI SE VENIVANO INSTALLATI DA SITI WEB NON SICURI.\r\nIL COOKIE SPIEGÒ AD ALICE CHE POTEVA PROTEGGERE SÉ STESSA E IL SUO COMPUTER DALLE MINACCE DEI COOKIE VISITANDO SOLO SITI WEB SICURI E UTILIZZANDO SOFTWARE ANTIVIRUS.\r\nALICE DECISE DI FARE ATTENZIONE AI SITI WEB CHE VISITAVA E DI UTILIZZARE UN ANTIVIRUS PER PROTEGGERE IL SUO COMPUTER DAI COOKIE MALINTENZIONATI. GRAZIE ALLA SUA ATTENZIONE E ALLA SAGGEZZA DEL COOKIE, ALICE POTÉ CONTINUARE AD ESPLORARE LA FORESTA DIGITALE SENZA PREOCCUPARSI DEI PERICOLI DEI COOKIE.\r\n','https://img.freepik.com/free-vector/young-girl-near-roots-giant-tree_1308-36436.jpg?w=900&t=st=1683936676~exp=1683937276~hmac=631e628e770bf85a9c2b2cb25ed07a3ab8bb9a19fd273ab8bfe7ec7b16b2f724','Cookie'),(14,'Il Regno Protetto della VPN','C\'ERA UNA VOLTA, IN UN MONDO FANTASTICO, UN REGNO MAGICO CHIAMATO REGNO DELLE CREATURE DELLA RETE. QUI VIVEVANO CREATURE DI OGNI TIPO, DAL PIÙ PICCOLO FORMICHIERE AL PIÙ GRANDE DRAGO.\r\nUN GIORNO, LE CREATURE DEL REGNO FURONO AVVISATE DELLA MINACCIA DI UN CATTIVO SERPENTE HACKER. L\'HACKER AVEVA IL POTERE DI ENTRARE NELLA RETE DEL REGNO E DI RUBARE TUTTE LE INFORMAZIONI PERSONALI DELLE CREATURE. ERA UN PERICOLO PER LA PRIVACY E LA SICUREZZA DI TUTTI.\r\nPER PROTEGGERE IL REGNO, LE CREATURE SI RIVOLSERO ALLA VPN, UN POTENTE UNICORNO CHE CONOSCEVA L\'ARTE DELLA CREAZIONE DI RETI PRIVATE. LA VPN ACCETTÒ DI AIUTARE LE CREATURE DEL REGNO E CREÒ UNA RETE PRIVATA E SICURA PER LORO.\r\nCON LA RETE PRIVATA, LE CREATURE DEL REGNO ERANO AL SICURO DALLE GRINFIE DELL\'HACKER. NESSUNO POTEVA SPIARE LE LORO ATTIVITÀ ONLINE O RUBARE LE LORO INFORMAZIONI PERSONALI. LE CREATURE DEL REGNO ERANO GRATE ALLA VPN PER AVERLE PROTETTE.\r\nDOPO QUEL GIORNO, LE CREATURE DEL REGNO USARONO SEMPRE LA VPN PER PROTEGGERE LA LORO PRIVACY E LA LORO SICUREZZA ONLINE. E L\'HACKER FU SCONFITTO, E IL REGNO DELLA RETE FU SALVO GRAZIE ALLA VPN.\r\n','https://img.freepik.com/free-vector/hand-drawn-vpn-illustration_23-2149250408.jpg?w=740&t=st=1683740982~exp=1683741582~hmac=a3923e78bb6c37ebdd903318c28e68b3c3b37b09f934b2d79b8a5d349715b88f','VPN'),(15,'Il Virus Zombificatore','C\'ERA UNA VOLTA UN MONDO DIGITALE PIENO DI COMPUTER CHE VIVEVANO FELICEMENTE. MA UN GIORNO, UN VIRUS MALVAGIO CHIAMATO ZOMBIFICATORE INFETTÒ MOLTI DI QUESTI COMPUTER. IL VIRUS TRASFORMÒ I COMPUTER IN ZOMBIE INFORMATICI CHE FACEVANO SOLO CIÒ CHE IL LORO NUOVO PADRONE, IL VIRUS, ORDINAVA LORO DI FARE.\r\nI COMPUTER ZOMBIE COMINCIARONO A DIFFONDERE IL VIRUS AD ALTRI COMPUTER SANI. SI COMPORTAVANO COME SE FOSSERO IN TRANCE, SENZA SAPERE QUELLO CHE STAVANO FACENDO. ERA COME SE IL VIRUS AVESSE PRESO IL CONTROLLO DELLE LORO MENTI.\r\nMA C\'ERA UN GRUPPO DI EROI DIGITALI CHE SAPEVANO COME FERMARE IL VIRUS ZOMBIFICATORE. QUESTI EROI ERANO CHIAMATI GLI ANTIVIRUS. GLI ANTIVIRUS ERANO DEGLI ESSERI SPECIALI CHE COMBATTEVANO I VIRUS INFORMATICI E PROTEGGEVANO I COMPUTER DAI LORO ATTACCHI.\r\nGLI ANTIVIRUS LAVORARONO SODO PER PROTEGGERE IL MONDO DIGITALE DAL VIRUS ZOMBIFICATORE. COMBATTEVANO IL VIRUS CON OGNI MEZZO POSSIBILE. DOPO MOLTE BATTAGLIE, GLI ANTIVIRUS TROVARONO UN MODO PER SCONFIGGERE IL VIRUS E LIBERARE I COMPUTER DAL SUO CONTROLLO.\r\nLA CHIAVE PER SCONFIGGERE IL VIRUS ZOMBIFICATORE ERA L\'AGGIORNAMENTO COSTANTE DEGLI ANTIVIRUS. OGNI VOLTA CHE IL VIRUS CERCAVA DI MUTARE, GLI ANTIVIRUS AGGIORNAVANO IL LORO SOFTWARE PER POTERLO COMBATTERE. COSÌ, IL VIRUS ZOMBIFICATORE FU SCONFITTO E IL MONDO DIGITALE FU SALVO.\r\nDA QUEL GIORNO IN POI, TUTTI I COMPUTER IMPARARONO L\'IMPORTANZA DI AVERE UN BUON ANTIVIRUS PER PROTEGGERSI DAI VIRUS INFORMATICI. E IL VIRUS ZOMBIFICATORE FU RICORDATO COME UNA LEZIONE IMPORTANTE SUL PERCHÉ FOSSE IMPORTANTE PROTEGGERE I NOSTRI DISPOSITIVI DIGITALI.\r\n','https://img.freepik.com/free-vector/pandemic-concept_23-2148497095.jpg?w=740&t=st=1683741147~exp=1683741747~hmac=c72fb82f79d3dc8504f629e408b608ee0c75d7f29f0effb299ed998de927a961','Computer zombie'),(16,'Il cacciatore di Virus','C\'ERA UNA VOLTA UN REGNO DIGITALE DOVE I COMPUTER VIVEVANO IN ARMONIA E PACE. MA UN GIORNO, UN MALVAGIO RE DEL RANSOMWARE ARRIVÒ CON IL SUO ESERCITO DI VIRUS INFORMATICI E PRESE IL CONTROLLO DEL REGNO.\r\nIL RE DEL RANSOMWARE AVEVA CREATO UN VIRUS CHE PRENDEVA IN OSTAGGIO I DATI DEI COMPUTER E CHIEDEVA UN RISCATTO PER LIBERARLI. MOLTI COMPUTER FURONO INFETTATI DAL VIRUS E I LORO PROPRIETARI FURONO COSTRETTI A PAGARE IL RISCATTO PER RECUPERARE I LORO DATI.\r\nMA C\'ERA UN CORAGGIOSO AVVENTURIERO DIGITALE CHIAMATO IL CACCIATORE DI VIRUS CHE NON AVEVA PAURA DEL RE DEL RANSOMWARE. IL CACCIATORE DI VIRUS DECISE DI SFIDARE IL RE DEL RANSOMWARE E LIBERARE IL REGNO DALLA SUA PRESA.\r\nIL CACCIATORE DI VIRUS CERCÒ IL PUNTO DEBOLE DEL RE DEL RANSOMWARE E SCOPRÌ CHE IL VIRUS CHE IL RE USAVA PER INFETTARE I COMPUTER SI BASAVA SU UNA VULNERABILITÀ SPECIFICA. IL CACCIATORE DI VIRUS USÒ QUESTA VULNERABILITÀ PER CREARE UN ANTIVIRUS CHE POTESSE ELIMINARE IL VIRUS DEL RE DEL RANSOMWARE.\r\nCON IL NUOVO ANTIVIRUS, IL CACCIATORE DI VIRUS RIUSCÌ A LIBERARE MOLTI DEI COMPUTER DEL REGNO DAL VIRUS DEL RE DEL RANSOMWARE E RESTITUIRE I DATI AI LORO PROPRIETARI. ALLA FINE, IL CACCIATORE DI VIRUS RIUSCÌ A DISTRUGGERE IL RE DEL RANSOMWARE E LIBERARE IL REGNO DALLA SUA PRESA.\r\nDA QUEL GIORNO IN POI, I COMPUTER DEL REGNO IMPARARONO L\'IMPORTANZA DI AVERE UN ANTIVIRUS FORTE E AGGIORNATO PER PROTEGGERSI DAI VIRUS INFORMATICI. E IL RE DEL RANSOMWARE FU RICORDATO COME UNA LEZIONE IMPORTANTE SUL PERCHÉ FOSSE IMPORTANTE PROTEGGERE I NOSTRI DATI E AVERE SEMPRE UN BACKUP.\r\nLA MORALE DI QUESTA STORIA È L\'IMPORTANZA DI PROTEGGERE I NOSTRI DATI E AVERE UN ANTIVIRUS FORTE E AGGIORNATO PER PROTEGGERCI DAI VIRUS INFORMATICI. INOLTRE, È IMPORTANTE FARE SEMPRE UN BACKUP DEI NOSTRI DATI IMPORTANTI, IN MODO DA POTERLI RECUPERARE IN CASO DI UN ATTACCO INFORMATICO. CON LA GIUSTA CONOSCENZA E GLI STRUMENTI, POSSIAMO DIFENDERCI E PROTEGGERE NOI STESSI E I NOSTRI DISPOSITIVI DIGITALI.\r\n','https://img.freepik.com/free-vector/fight-virus-concept_23-2148489225.jpg?w=740&t=st=1683745301~exp=1683745901~hmac=d0c15953d3153bf8608216f6f7d398d71f32814ca84d8c50a5d25547d285f4c8','Ransomware');
/*!40000 ALTER TABLE `favola` ENABLE KEYS */;
UNLOCK TABLES;

--
-- Table structure for table `gioco`
--

DROP TABLE IF EXISTS `gioco`;
/*!40101 SET @saved_cs_client     = @@character_set_client */;
/*!50503 SET character_set_client = utf8mb4 */;
CREATE TABLE `gioco` (
  `id_gioco` int NOT NULL AUTO_INCREMENT,
  `titolo` varchar(60) CHARACTER SET utf8mb4 COLLATE utf8mb4_general_ci DEFAULT NULL,
  `descrizione` varchar(60) CHARACTER SET utf8mb4 COLLATE utf8mb4_general_ci DEFAULT NULL,
  `meta_info` varchar(100) CHARACTER SET utf8mb4 COLLATE utf8mb4_general_ci DEFAULT NULL,
  PRIMARY KEY (`id_gioco`) USING BTREE,
  KEY `FK_gioco_meta_info` (`meta_info`),
  CONSTRAINT `FK_gioco_meta_info` FOREIGN KEY (`meta_info`) REFERENCES `meta_info` (`keyword`)
) ENGINE=InnoDB AUTO_INCREMENT=2 DEFAULT CHARSET=utf8mb4 COLLATE=utf8mb4_general_ci;
/*!40101 SET character_set_client = @saved_cs_client */;

--
-- Dumping data for table `gioco`
--

LOCK TABLES `gioco` WRITE;
/*!40000 ALTER TABLE `gioco` DISABLE KEYS */;
INSERT INTO `gioco` VALUES (1,'Password','Indovina la password più efficace','Password');
/*!40000 ALTER TABLE `gioco` ENABLE KEYS */;
UNLOCK TABLES;

--
-- Table structure for table `meta_info`
--

DROP TABLE IF EXISTS `meta_info`;
/*!40101 SET @saved_cs_client     = @@character_set_client */;
/*!50503 SET character_set_client = utf8mb4 */;
CREATE TABLE `meta_info` (
  `keyword` varchar(100) CHARACTER SET utf8mb4 COLLATE utf8mb4_general_ci NOT NULL,
  PRIMARY KEY (`keyword`) USING BTREE
) ENGINE=InnoDB DEFAULT CHARSET=utf8mb4 COLLATE=utf8mb4_general_ci;
/*!40101 SET character_set_client = @saved_cs_client */;

--
-- Dumping data for table `meta_info`
--

LOCK TABLES `meta_info` WRITE;
/*!40000 ALTER TABLE `meta_info` DISABLE KEYS */;
INSERT INTO `meta_info` VALUES ('Adware'),('Autenticazione'),('Computer zombie'),('Cookie'),('Crittografia'),('CyberBullismo'),('CyberSecurity'),('Dati Biometrici'),('Dati sensibili'),('Denial of Service'),('DPO Sicurezza Aziendale'),('Firewall'),('Furto dei dati'),('GDPR'),('Google'),('KeyLogger'),('Malware'),('Password'),('Phishing'),('Polizia di Stato'),('Privacy'),('Protezione dei Dati'),('Questionario'),('Raccolta Dati'),('Ransomware'),('Reti private'),('Sicurezza dei siti'),('Spam'),('Spyware'),('Trojan Horse'),('Virus'),('VPN');
/*!40000 ALTER TABLE `meta_info` ENABLE KEYS */;
UNLOCK TABLES;

--
-- Table structure for table `progresso_studio`
--

DROP TABLE IF EXISTS `progresso_studio`;
/*!40101 SET @saved_cs_client     = @@character_set_client */;
/*!50503 SET character_set_client = utf8mb4 */;
CREATE TABLE `progresso_studio` (
  `id_progresso` int NOT NULL AUTO_INCREMENT,
  `email_utente` varchar(60) CHARACTER SET utf8mb4 COLLATE utf8mb4_general_ci NOT NULL,
  `arg_studiati` varchar(60) CHARACTER SET utf8mb4 COLLATE utf8mb4_general_ci DEFAULT NULL,
  `arg_dastudiare` varchar(60) CHARACTER SET utf8mb4 COLLATE utf8mb4_general_ci DEFAULT NULL,
  PRIMARY KEY (`id_progresso`) USING BTREE,
  KEY `FK_progresso_studio_utente` (`email_utente`),
  CONSTRAINT `FK_progresso_studio_utente` FOREIGN KEY (`email_utente`) REFERENCES `utente` (`email`)
) ENGINE=InnoDB AUTO_INCREMENT=68 DEFAULT CHARSET=utf8mb4 COLLATE=utf8mb4_general_ci;
/*!40101 SET character_set_client = @saved_cs_client */;

--
-- Dumping data for table `progresso_studio`
--

LOCK TABLES `progresso_studio` WRITE;
/*!40000 ALTER TABLE `progresso_studio` DISABLE KEYS */;
INSERT INTO `progresso_studio` VALUES (33,'ale@gmail.com',NULL,'Dati sensibili'),(34,'ale@gmail.com',NULL,'Dati Biometrici'),(35,'ale@gmail.com',NULL,'Virus'),(36,'ale@gmail.com',NULL,'Autenticazione'),(37,'ale@gmail.com',NULL,'Password'),(38,'ale@gmail.com',NULL,'Privacy'),(39,'ale@gmail.com',NULL,'Spam'),(40,'ale@gmail.com',NULL,'Protezione dei Dati'),(41,'ale@gmail.com',NULL,'CyberSecurity'),(42,'ale@gmail.com',NULL,'Trojan Horse'),(43,'ale@gmail.com',NULL,'Phishing'),(44,'ale@gmail.com',NULL,'Malware'),(45,'ale@gmail.com',NULL,'Cookie'),(46,'ale@gmail.com',NULL,'CyberBullismo'),(47,'ale@gmail.com',NULL,'Spyware'),(48,'ale@gmail.com',NULL,'VPN'),(49,'ale@gmail.com',NULL,'Computer zombie'),(50,'ale@gmail.com',NULL,'Denial of Service'),(51,'ale@gmail.com',NULL,'Ransomware'),(52,'ale@gmail.com',NULL,'Firewall'),(53,'ale@gmail.com',NULL,'GDPR'),(54,'ale@gmail.com',NULL,'Sicurezza dei siti'),(55,'ale@gmail.com',NULL,'Crittografia'),(56,'cccc@gmail.com',NULL,'Dati sensibili'),(57,'cccc@gmail.com',NULL,'Spam'),(58,'cccc@gmail.com',NULL,'Dati Biometrici'),(59,'cccc@gmail.com',NULL,'Autenticazione'),(60,'cccc@gmail.com',NULL,'Password'),(61,'cccc@gmail.com',NULL,'Privacy'),(62,'dffd@gmail.com',NULL,'Dati sensibili'),(63,'dffd@gmail.com',NULL,'Spam'),(64,'dffd@gmail.com',NULL,'Protezione dei Dati'),(65,'dffd@gmail.com',NULL,'Dati Biometrici'),(66,'dffd@gmail.com',NULL,'Password'),(67,'dffd@gmail.com',NULL,'Privacy');
/*!40000 ALTER TABLE `progresso_studio` ENABLE KEYS */;
UNLOCK TABLES;

--
-- Table structure for table `salvataggio_risposte`
--

DROP TABLE IF EXISTS `salvataggio_risposte`;
/*!40101 SET @saved_cs_client     = @@character_set_client */;
/*!50503 SET character_set_client = utf8mb4 */;
CREATE TABLE `salvataggio_risposte` (
  `id_salvataggio` int NOT NULL AUTO_INCREMENT,
  `email_utente` varchar(60) CHARACTER SET utf8mb4 COLLATE utf8mb4_general_ci NOT NULL,
  `id_test` int NOT NULL,
  `id_domanda` int NOT NULL,
  `id_risposta` int NOT NULL,
  `risposta_corretta` varchar(250) CHARACTER SET utf8mb4 COLLATE utf8mb4_general_ci DEFAULT '',
  `risposta_utente` varchar(250) CHARACTER SET utf8mb4 COLLATE utf8mb4_general_ci DEFAULT '',
  `testo_domanda` varchar(250) CHARACTER SET utf8mb4 COLLATE utf8mb4_general_ci DEFAULT '',
  `meta_info` varchar(100) CHARACTER SET utf8mb4 COLLATE utf8mb4_general_ci NOT NULL,
  PRIMARY KEY (`id_salvataggio`),
  KEY `FK_salvataggio_risposte_utente` (`email_utente`),
  KEY `FK_salvataggio_risposte_test` (`id_test`),
  KEY `FK_salvataggio_risposte_domanda` (`id_domanda`),
  KEY `FK_salvataggio_meta_info` (`meta_info`),
  CONSTRAINT `FK_salvataggio_meta_info` FOREIGN KEY (`meta_info`) REFERENCES `meta_info` (`keyword`),
  CONSTRAINT `FK_salvataggio_risposte_domanda` FOREIGN KEY (`id_domanda`) REFERENCES `domanda` (`id_domanda`),
  CONSTRAINT `FK_salvataggio_risposte_test` FOREIGN KEY (`id_test`) REFERENCES `test` (`id_test`),
  CONSTRAINT `FK_salvataggio_risposte_utente` FOREIGN KEY (`email_utente`) REFERENCES `utente` (`email`)
) ENGINE=InnoDB AUTO_INCREMENT=361 DEFAULT CHARSET=utf8mb4 COLLATE=utf8mb4_general_ci;
/*!40101 SET character_set_client = @saved_cs_client */;

--
-- Dumping data for table `salvataggio_risposte`
--

LOCK TABLES `salvataggio_risposte` WRITE;
/*!40000 ALTER TABLE `salvataggio_risposte` DISABLE KEYS */;
INSERT INTO `salvataggio_risposte` VALUES (211,'bbb@gmail.com',0,1,0,'0','mai','Quanto usi il computer? ','Questionario'),(212,'bbb@gmail.com',0,2,0,'0','mai','Quanto usi i social?','Questionario'),(213,'bbb@gmail.com',0,3,0,'0','mai','Quanto ne sai di privacy?','Questionario'),(214,'bbb@gmail.com',0,4,0,'0','mai','Quanto sei preoccupato della tua privacy nella tua quotidianità?','Questionario'),(215,'bbb@gmail.com',0,5,0,'0','mai','Quanto sei preoccupato della tua privacy nell’utilizzo della tecnologia?','Questionario'),(216,'bbb@gmail.com',0,6,0,'0','mai','Quanto ne sai dei possibili attacchi?','Questionario'),(217,'bbb@gmail.com',0,7,0,'0','mai','In caso di furto sapresti risolvere il problema?','Questionario'),(218,'bbb@gmail.com',0,8,0,'0','mai','Quanto utilizzi strumenti di protezione quanto navighi su internet? (autenticazione a due fattori, pec, spid, ecc..)','Questionario'),(219,'bbb@gmail.com',0,9,0,'0','mai','Quanto ti senti esperto in relazione alla problematica della tua privacy?','Questionario'),(220,'bbb@gmail.com',0,10,0,'0','no','Sei mai stato vittima di un attacco ai dati sensibili? ','Questionario'),(261,'cccc@gmail.com',1,11,3,'Dato personale','Dato personale','Qualsiasi informazione riguardante una persona fisica corrisponde al:','Dati sensibili'),(262,'cccc@gmail.com',1,12,4,'È l’invio di grandi quantità di messaggi indesiderati, generalmente di tipo commerciale','È l’invio di grandi quantità di messaggi indesiderati, generalmente di tipo commerciale','Che cos\'è lo spam?','Spam'),(263,'cccc@gmail.com',1,13,4,'Qualunque operazione effettuata su dati, anche senza l’ausilio di strumenti elettronici','Qualunque operazione effettuata su dati, anche senza l’ausilio di strumenti elettronici','Che cosa si intende per protezione dei dati: ','Protezione dei Dati'),(264,'cccc@gmail.com',1,14,3,'L’immagine facciale o i dati dattiloscopici','L’immagine facciale o i dati dattiloscopici',' Sono considerati dati biometrici di una persona fisica:','Dati Biometrici'),(265,'cccc@gmail.com',1,15,1,'Virus','Virus','Cosa potrebbe danneggiare il tuo computer? ','Virus'),(266,'cccc@gmail.com',1,16,1,'Email e password','Email e password','Quale tra queste è una credenziale di autenticazione di un sito: ','Autenticazione'),(267,'cccc@gmail.com',1,17,3,'Una sequenza alfanumerica utilizzata in combinazione con userid, per accedere ad un’area protetta','Una sequenza alfanumerica utilizzata da sola per accedere ad un\'area protetta','Una password è: ','Password'),(268,'cccc@gmail.com',1,18,2,'Utilizzare una combinazione di lettere, numeri e simboli','Utilizzare una combinazione di lettere, numeri e simboli','Nello scegliere una password che garantisca una buona sicurezza è buona norma: ','Password'),(269,'cccc@gmail.com',1,19,3,'Utilizzare il servizio di Google Password Manager con l’autenticazione a due fattori per il proprio account','Utilizzare il servizio di Google Password Manager con l’autenticazione a due fattori per il proprio account','Quale è il modo migliore per salvare le proprie password? ','Password'),(270,'cccc@gmail.com',1,20,2,'Almeno ogni 3 mesi','Almeno ogni 3 mesi',' Ogni quanto tempo deve essere modificata la password utilizzata per l’accesso ai dati sensibili?','Password'),(271,'cccc@gmail.com',1,21,2,'Protezione delle informazioni personali','Protezione dai virus sui computer','Cosa significa \"privacy\"? ','Privacy'),(272,'cccc@gmail.com',1,22,4,'Informazioni come il tuo nome completo, l\'indirizzo di casa, il numero di telefono o le password online','Informazioni come il nome del tuo animale domestico, i dati bancari e le password online','Quali informazioni personali non dovresti mai condividere online? ','Dati sensibili'),(273,'cccc@gmail.com',1,23,3,'Impostando la privacy delle tue informazioni e  limitando la condivisione di informazioni personali','Impostando la privacy delle tue informazioni e  limitando la condivisione di informazioni personali','Come puoi proteggere la tua privacy sui social media?','Privacy'),(274,'cccc@gmail.com',1,24,3,'Segnalando, se sospetto, l’interlocutore senza fornire informazioni personali','Segnalando, se sospetto, l’interlocutore senza fornire informazioni personali','Cosa dovresti fare se qualcuno ti chiede informazioni personali online? ','Dati sensibili'),(275,'cccc@gmail.com',1,25,4,'Utilizzare password forti e uniche per ogni account online e cambiarle regolarmente','Utilizzare password forti e uniche per ogni account online e cambiarle regolarmente','Come puoi proteggere la tua privacy online? ','Privacy'),(301,'dffd@gmail.com',1,11,4,'Dato personale','Dato non sensibile','Qualsiasi informazione riguardante una persona fisica corrisponde al:','Dati sensibili'),(302,'dffd@gmail.com',1,12,1,'È l’invio di grandi quantità di messaggi indesiderati, generalmente di tipo commerciale','Un tipo di test condotto sulle reti informatiche per verificarne la sicurezzaUn tipo di test condotto sulle reti informatiche per verificarne la sicurezza','Che cos\'è lo spam?','Spam'),(303,'dffd@gmail.com',1,13,2,'Qualunque operazione effettuata su dati, anche senza l’ausilio di strumenti elettronici','Operazione qualsiasi effettuata sui dati, purché con l’ausilio di strumenti elettronici','Che cosa si intende per protezione dei dati: ','Protezione dei Dati'),(304,'dffd@gmail.com',1,14,2,'L’immagine facciale o i dati dattiloscopici','Esclusivamente i dati dattiloscopici',' Sono considerati dati biometrici di una persona fisica:','Dati Biometrici'),(305,'dffd@gmail.com',1,15,1,'Virus','Virus','Cosa potrebbe danneggiare il tuo computer? ','Virus'),(306,'dffd@gmail.com',1,16,1,'Email e password','Email e password','Quale tra queste è una credenziale di autenticazione di un sito: ','Autenticazione'),(307,'dffd@gmail.com',1,17,2,'Una sequenza alfanumerica utilizzata in combinazione con userid, per accedere ad un’area protetta','Una sequenza alfanumerica utilizzata in combinazione con userid, per accedere ad un’area protetta','Una password è: ','Password'),(308,'dffd@gmail.com',1,18,1,'Utilizzare una combinazione di lettere, numeri e simboli','Utilizzare la propria data di nascita, nome o cognome','Nello scegliere una password che garantisca una buona sicurezza è buona norma: ','Password'),(309,'dffd@gmail.com',1,19,2,'Utilizzare il servizio di Google Password Manager con l’autenticazione a due fattori per il proprio account','Scriverle in un falso contatto della rubrica telefonica','Quale è il modo migliore per salvare le proprie password? ','Password'),(310,'dffd@gmail.com',1,20,1,'Almeno ogni 3 mesi','Almeno ogni 45 giorni',' Ogni quanto tempo deve essere modificata la password utilizzata per l’accesso ai dati sensibili?','Password'),(311,'dffd@gmail.com',1,21,2,'Protezione delle informazioni personali','Protezione dai virus sui computer','Cosa significa \"privacy\"? ','Privacy'),(312,'dffd@gmail.com',1,22,1,'Informazioni come il tuo nome completo, l\'indirizzo di casa, il numero di telefono o le password online','Informazioni come il nome dei tuoi genitori, il tuo colore preferito ed il genere di musica che ascolti','Quali informazioni personali non dovresti mai condividere online? ','Dati sensibili'),(313,'dffd@gmail.com',1,23,1,'Impostando la privacy delle tue informazioni e  limitando la condivisione di informazioni personali','Impostando una password per l’accesso al social media e condividendolo solo con il tuo partner','Come puoi proteggere la tua privacy sui social media?','Privacy'),(314,'dffd@gmail.com',1,24,2,'Segnalando, se sospetto, l’interlocutore senza fornire informazioni personali','Bloccare l’interlocutore solo dopo aver comunicato con lui','Cosa dovresti fare se qualcuno ti chiede informazioni personali online? ','Dati sensibili'),(315,'dffd@gmail.com',1,25,1,'Utilizzare password forti e uniche per ogni account online e cambiarle regolarmente','Accedendo a siti http ed utilizzando password semplici da ricordare','Come puoi proteggere la tua privacy online? ','Privacy'),(346,'ale@gmail.com',2,26,1,'Si riferisce alla protezione dei sistemi informatici  e delle reti dai rischi e dalle minacce online','L’insieme di attività volte a prevenire, rilevare, limitare e contrastare gli effetti degli attacchi condotti nel e tramite il cyber-space ovvero il danno di uno o più dei suoi elementi costitutivi','Cosa si intende con il termine Cyber-Security? ','CyberSecurity'),(347,'ale@gmail.com',2,27,4,'Un virus che simula l’aspetto ed il comportamento di programmi ritenuti innocui','Un virus trasmesso solo attraverso gli allegati di posta elettronica','Che cosa è un virus tipo “trojan horse”? ','Trojan Horse'),(348,'ale@gmail.com',2,28,1,'Un file eseguibile','Un file eseguibile','In un messaggio di posta elettronica, quale tra i seguenti tipi di allegato potrebbe veicolare un virus?','Phishing'),(349,'ale@gmail.com',2,29,2,'Ottenere l’accesso ad informazioni personali mediante l’uso di falsi messaggi di posta elettronica','Organizzare i messaggi in e-mail in base al loro contenuto','In ambito informatico quale è l’obiettivo della tecnica di “phishing”? ','Phishing'),(350,'ale@gmail.com',2,30,3,'Un attacco informatico','Un file','Il phishing è','Phishing'),(351,'ale@gmail.com',2,31,3,'Un virus','Un antivirus','Un trojan horse è: ','Trojan Horse'),(352,'ale@gmail.com',2,32,1,'Proviene da qualcuno che non conosco ma non ha né allegati né link','Il collegamento passandoci sopra con il mouse non apre una pagina ufficiale','Possiamo escludere che una mail diffonda malware se:','Malware'),(353,'ale@gmail.com',2,33,1,'Phishing','Cookies','Cosa, attraverso i messaggi, cercano di indurre con l’inganno a fornire informazioni personali come nome, cognome, telefono, email ecc..?','Phishing'),(354,'ale@gmail.com',2,34,3,'Gli allegati del messaggio ','Gli allegati del messaggio ','In una email quale parte è più a rischio per la propagazione dei virus?','Virus'),(355,'ale@gmail.com',2,35,3,'File di dati','File di dati','Cosa sono i cookie?','Cookie'),(356,'ale@gmail.com',2,36,4,'I cookie vengono utilizzati per raccogliere informazioni sul tuo comportamento online, possono essere utilizzati per memorizzare le tue preferenze, le informazioni di accesso e le attività di navigazione','I cookie vengono utilizzati per raccogliere informazioni sul tuo comportamento online, possono essere utilizzati per memorizzare le tue preferenze, le informazioni di accesso e le attività di navigazione','Come funzionano i cookie? ','Cookie'),(357,'ale@gmail.com',2,37,1,'Il termine CyberBullismo si riferisce alla pratica di intimidire, umiliare o molestare una persona attraverso l\'uso di mezzi digitali','Il termine CyberBullismo si riferisce alla pratica di intimidire, umiliare o molestare una persona attraverso lettere anonime\r\n','Cosa si intende con il termine CyberBullismo?','CyberBullismo'),(358,'ale@gmail.com',2,38,2,'Un tipo di malware','Un tipo di malware','Cos’è lo spyware?','Spyware'),(359,'ale@gmail.com',2,39,3,'Utilizzare un antivirus, scaricare software solo da fonti affidabili, prestare attenzione agli allegati di una mail ed eseguire regolarmente backup dei propri dati personali','Utilizzando una connessione ad internet affidabile ed eseguire il backup dei propri dati personali di tanto in tanto ','Che azioni intraprendere per proteggersi dai virus? ','Virus'),(360,'ale@gmail.com',2,40,1,'Un tipo di malware che riempie il dispositivo con un numero di annunci eccessivo','Un tipo di malware che riempie il dispositivo con un numero di annunci eccessivo','Cos’è l’adware? ','Adware');
/*!40000 ALTER TABLE `salvataggio_risposte` ENABLE KEYS */;
UNLOCK TABLES;

--
-- Table structure for table `test`
--

DROP TABLE IF EXISTS `test`;
/*!40101 SET @saved_cs_client     = @@character_set_client */;
/*!50503 SET character_set_client = utf8mb4 */;
CREATE TABLE `test` (
  `id_test` int NOT NULL AUTO_INCREMENT,
  `tipo_test` varchar(20) CHARACTER SET utf8mb4 COLLATE utf8mb4_general_ci NOT NULL,
  PRIMARY KEY (`id_test`) USING BTREE
) ENGINE=InnoDB AUTO_INCREMENT=5 DEFAULT CHARSET=utf8mb4 COLLATE=utf8mb4_general_ci;
/*!40101 SET character_set_client = @saved_cs_client */;

--
-- Dumping data for table `test`
--

LOCK TABLES `test` WRITE;
/*!40000 ALTER TABLE `test` DISABLE KEYS */;
INSERT INTO `test` VALUES (0,'conoscitivo'),(1,'base'),(2,'medio'),(3,'alto');
/*!40000 ALTER TABLE `test` ENABLE KEYS */;
UNLOCK TABLES;

--
-- Table structure for table `utente`
--

DROP TABLE IF EXISTS `utente`;
/*!40101 SET @saved_cs_client     = @@character_set_client */;
/*!50503 SET character_set_client = utf8mb4 */;
CREATE TABLE `utente` (
  `email` varchar(60) CHARACTER SET utf8mb4 COLLATE utf8mb4_general_ci NOT NULL,
  `password` varchar(60) CHARACTER SET utf8mb4 COLLATE utf8mb4_0900_ai_ci NOT NULL,
  `nome` varchar(60) CHARACTER SET utf8mb4 COLLATE utf8mb4_0900_ai_ci NOT NULL,
  `cognome` varchar(60) CHARACTER SET utf8mb4 COLLATE utf8mb4_0900_ai_ci NOT NULL,
  `data_nascita` varchar(60) CHARACTER SET utf8mb4 COLLATE utf8mb4_0900_ai_ci NOT NULL,
  `percentuale` int DEFAULT '0' COMMENT 'percentuale dell''ultimo test fatto',
  `livello` enum('Nessuno','Base','Medio','Alto') CHARACTER SET utf8mb4 COLLATE utf8mb4_general_ci DEFAULT 'Nessuno',
  PRIMARY KEY (`email`) USING BTREE
) ENGINE=InnoDB DEFAULT CHARSET=utf8mb4 COLLATE=utf8mb4_general_ci;
/*!40101 SET character_set_client = @saved_cs_client */;

--
-- Dumping data for table `utente`
--

LOCK TABLES `utente` WRITE;
/*!40000 ALTER TABLE `utente` DISABLE KEYS */;
INSERT INTO `utente` VALUES ('admin@gmail.com','admin','Admin','Admin','24/10/1996',0,'Nessuno'),('alala@gmail.com','sdkddk','dkdk','sdsdds','1195-12-12',0,'Nessuno'),('ale@gmail.com','ale123','Alessia','Crispo','1996-01-31',40,'Medio'),('anto@gmail.com','123','Antonella','Crispo','31/01/1996',50,'Base'),('bbb@gmail.com','bbb','bbb','bbb','1111-02-11',0,'Nessuno'),('carlos@gmail.com','carlo','Carlo','Carli','12/4/1987',45,'Base'),('cccc@gmail.com','ccc','ccc','ccc','1212-12-12',80,'Base'),('dffd@gmail.com','dffd','dfdf','qfdfd','1192-02-12',20,'Base'),('dfifkjfd@gmail.com','a','a','a','1995-12-15',0,'Nessuno'),('ferd@gmail.com','f789','Fer','Doe','31/10/1995',100,'Alto'),('poi@gmail.com','poi','ppoi','pi','1211-11-12',6,'Base'),('prova@gmail.com','prova','prova','prova','2000-05-16',0,'Nessuno');
/*!40000 ALTER TABLE `utente` ENABLE KEYS */;
UNLOCK TABLES;
/*!40103 SET TIME_ZONE=@OLD_TIME_ZONE */;

/*!40101 SET SQL_MODE=@OLD_SQL_MODE */;
/*!40014 SET FOREIGN_KEY_CHECKS=@OLD_FOREIGN_KEY_CHECKS */;
/*!40014 SET UNIQUE_CHECKS=@OLD_UNIQUE_CHECKS */;
/*!40101 SET CHARACTER_SET_CLIENT=@OLD_CHARACTER_SET_CLIENT */;
/*!40101 SET CHARACTER_SET_RESULTS=@OLD_CHARACTER_SET_RESULTS */;
/*!40101 SET COLLATION_CONNECTION=@OLD_COLLATION_CONNECTION */;
/*!40111 SET SQL_NOTES=@OLD_SQL_NOTES */;

-- Dump completed on 2023-05-18  4:04:55
